UWI,WELLNAME,CYCLE_INDEX,STARTTIME,GAS_PER_DAY,PLUNGER_SPEED,FLOW_RATE_END_FLOW,AFTERFLOW_MINS,CL_END_FLOW,TUBING_PRESSURE_AVG_FLOW,CASING_PRESSURE_AVG_FLOW,WELL_VENT,LOAD_RATIO_PRIOR_OPEN,CSG_OVER_LINE,CYCLE_LENGTH,SHUTIN_LENGTH,FLOW_LENGTH,CAS_TUB_DIFF_MAX,CAS_TUB_DIFF_AVG,CAS_TUB_DIFF_MIN,CAS_TUB_DIFF_LAST,TUB_LINE_DIFF_MAX,TUB_LINE_DIFF_AVG,TUB_LINE_DIFF_MIN,AVG_BHP,AVG_BHP_SI,AVG_BHP_FLOW,GAS_PER_CYCLE,PLUNGER_TRAVEL_TIME,AVG_SLUG_HEIGHT,WELL_VENT_SEC,MIN_DP,MAX_DP,LEAKING_VALVE,LIFT_MINS,PLUNGER_FALL_TIME,AVG_TUB_MIN_LINE_FLOW_EXCESS,CASING_FLAT_MINS,FALL_EST_DIFF_MINS,PLUNGER_FALL_EXCESS,CSG_TUB_DIFF_MAX_SI,AVG_DP_FLOW,SLUG_ARRIVAL,SLUG_SIZE_LT_MAX,ARRIVAL_SENSOR_FAIL,CONSEC_NON_ARRIVALS,CAS_TUB_DIFF_MAX_SI,MAX_SLUG_SIZE,TUB_LT_LINE_SI_MINS,DP_FLOW_GT_115_MINS,DP_FLOW_GT_MACH_MINS,TUB_LINE_DIFF_MAX_SI,PLUNGER_FALL_EST_LIQUID,PLUNGER_FALL_EST_GAS,PLUNGER_FALL_EST_TOTAL_CSN,CSG_BUILD_RATE,SLUG_CHANGE_AT_OPEN,CSG_RISE_TOTAL_SI,LINE_PRESSURE_AVG_FLOW,SLUG_RATE_PER_DAY,OFF_TIME_LONG_PCENT,SLUG_SIZE_AT_OPEN,SLUG_PCENT_MAX_OPEN,TUB_CAS_ANNULUS_BRIDGE,PERCENT_ON_TIME_VENTING,LINE_PRESSURE_AVG_SI,CASING_DIFF,LINE_PRESSURE_JUMP_AT_OPEN,ARRIVAL_FAST_DRY,AVG_CSG_MIN_LINE,AVG_CSG_MIN_LINE_SHUTIN,GAS_IN_TUBING_BEFORE_OPEN,GAS_PRODUCED_BEFORE_ARRIVAL,GAS_RATIO_PRODUCED_OVER_STORED,FDT,FSPUDDATE,CASING_ID,TUBING_ID,TUBING_LENGTH_FT,CSG_LINE_DIFF_MAX_SI,PERCENT_CL_END_FLOW
3003922192,SAN JUAN 30-5 UNIT #14A,1,2021-01-11 00:41:18,21.74,1066.46,334.5,1.0,224.01,63.0,105.93,,0.12,1.88,4888.0,4500.0,388.0,42.6,41.1,37.7,6.1,1.9,1.75,1.6,122.7,122.91,120.06,1.23,328.0,14.1,,14.2,53.7,0,5.5,16.0,1.75,24.3,45.6,2.55,31.7,32.38,1,1.0,0,0,31.7,288.0,0.0,0.0,0.0,46.0,1.2,23.2,29.4,0.0,-0.06,8.6,61.25,0.88,0.61,169.0,0.59,0,,101.9,,4.4,0.0,50.68,51.18,0.846,0.924,1.09,44205.02868,29666.0,6.456,1.995,5830,54.5,149.0
3003922192,SAN JUAN 30-5 UNIT #14A,2,2021-01-11 02:02:46,34.42,1554.67,347.6,1.0,220.17,63.1,105.2,,,1.97,2385.0,2100.0,285.0,41.9,41.57,41.3,-1.3,2.2,2.2,2.2,121.71,122.07,119.22,0.95,225.0,0.0,,5.3,74.7,0,3.8,16.0,2.2,9.77,6.6,1.23,24.0,38.6,1,,0,0,24.0,,0.0,0.0,1.0,55.6,0.1,23.3,28.4,0.13,,7.2,60.9,0.0,0.2,,,0,,93.5,,12.9,0.0,49.48,50.38,,0.724,,44205.08525,29666.0,6.456,1.995,5830,54.1,158.0
3003922192,SAN JUAN 30-5 UNIT #14A,3,2021-01-11 02:42:31,37.99,1469.75,299.1,1.0,219.46,62.7,104.34,,0.02,1.93,2570.0,2271.0,299.0,41.3,41.03,40.9,0.8,2.0,2.0,2.0,120.69,121.01,118.25,1.13,238.0,2.3,,19.5,112.1,0,4.0,11.0,2.0,10.37,9.4,1.33,28.2,56.85,1,1.0,0,0,28.2,44.0,0.0,0.0,1.0,51.9,0.2,23.3,28.5,0.13,-0.33,7.6,60.7,0.34,0.26,22.0,0.5,0,,97.0,,6.2,0.0,48.65,49.34,0.878,0.943,1.07,44205.11286,29666.0,6.456,1.995,5830,53.0,136.0
3003922192,SAN JUAN 30-5 UNIT #14A,4,2021-01-11 03:25:21,40.9,1547.79,304.7,1.0,212.65,58.9,104.08,,0.04,2.01,2387.0,2100.0,287.0,45.4,44.7,44.1,2.1,2.1,2.1,2.1,120.4,120.75,117.95,1.13,226.0,5.3,,21.0,115.8,0,3.8,19.0,2.1,9.35,6.4,1.22,27.9,59.7,1,1.0,0,0,27.9,78.0,0.0,0.0,2.0,52.7,0.3,23.3,28.6,0.1,-0.13,7.3,56.8,0.72,0.17,58.0,0.74,0,,95.4,,5.7,0.0,49.32,49.67,0.863,0.944,1.09,44205.1426,29666.0,6.456,1.995,5830,54.8,143.0
3003922192,SAN JUAN 30-5 UNIT #14A,5,2021-01-11 04:05:08,36.58,1320.0,299.2,1.0,221.92,64.1,104.58,,0.08,1.89,2622.0,2297.0,325.0,40.9,40.2,39.5,3.7,2.1,2.1,2.1,120.56,120.82,118.52,1.11,265.0,9.0,,20.7,103.5,0,4.4,12.0,2.1,8.42,9.4,1.32,29.5,49.53,1,1.0,0,0,29.5,540.0,0.0,0.0,1.0,47.9,0.6,23.3,28.9,0.07,-0.11,7.8,62.0,0.99,0.24,103.0,0.19,0,,103.8,,5.7,0.0,48.27,48.97,0.852,0.884,1.04,44205.17023,29666.0,6.456,1.995,5830,51.6,135.0
3003922192,SAN JUAN 30-5 UNIT #14A,6,2021-01-11 04:48:50,41.38,1335.11,259.6,1.0,217.87,62.65,104.47,,0.07,1.93,2422.0,2100.0,322.0,42.5,41.5,40.5,3.6,2.4,2.15,1.9,120.22,120.54,118.39,1.16,262.0,8.8,,14.2,49.2,0,4.4,9.0,2.15,8.83,6.2,1.22,29.7,34.86,1,1.0,0,0,29.7,122.0,0.0,0.0,0.0,48.9,0.5,23.3,28.8,0.1,0.0,7.3,60.5,1.07,0.17,100.0,0.82,0,,95.0,,15.5,0.0,48.03,48.98,0.85,0.974,1.15,44205.20058,29666.0,6.456,1.995,5830,52.5,119.0
3003922192,SAN JUAN 30-5 UNIT #14A,7,2021-01-11 05:29:12,35.79,1382.61,279.3,1.0,216.08,60.8,103.92,,0.08,1.99,2414.0,2100.0,314.0,43.4,42.9,42.4,4.4,1.9,1.9,1.9,120.17,120.51,117.77,1.0,253.0,10.6,,17.4,82.2,0,4.2,19.0,1.9,8.2,6.1,1.21,28.7,42.85,1,1.0,0,0,28.7,482.0,0.0,0.0,1.0,50.3,0.6,23.3,28.9,0.2,-0.04,7.3,58.9,1.43,0.17,122.0,0.25,0,,94.3,,4.7,0.0,50.43,51.13,0.843,0.799,0.95,44205.22861,29666.0,6.456,1.995,5830,55.4,129.0
3003922192,SAN JUAN 30-5 UNIT #14A,8,2021-01-11 06:09:26,40.38,1253.76,228.8,1.0,218.93,62.55,104.13,,0.11,1.91,2439.0,2100.0,339.0,41.3,40.8,40.3,5.6,1.8,1.8,1.8,119.99,120.33,118.01,1.14,279.0,12.7,,12.7,104.1,0,4.7,20.0,1.8,9.43,5.9,1.2,30.5,39.44,1,1.0,0,0,30.5,640.0,0.0,0.0,1.0,47.2,0.8,23.3,29.1,0.1,-0.02,7.7,60.75,1.77,0.17,155.0,0.24,0,,98.3,,6.0,0.0,48.71,49.65,0.831,0.977,1.18,44205.25655,29666.0,6.456,1.995,5830,52.9,105.0
3003922192,SAN JUAN 30-5 UNIT #14A,9,2021-01-11 06:50:05,34.52,1439.51,263.1,1.0,215.72,60.6,103.82,,0.05,1.91,2403.0,2100.0,303.0,42.6,42.57,42.5,3.2,1.8,1.8,1.8,120.08,120.43,117.66,0.96,243.0,6.5,,21.7,67.8,0,4.1,19.0,1.8,9.08,6.3,1.22,27.6,37.6,1,1.0,0,0,27.6,665.0,0.0,0.0,1.0,48.8,0.4,23.3,28.7,0.05,0.0,7.3,58.8,1.08,0.17,89.0,0.13,0,,97.8,,4.1,0.0,47.4,47.78,0.854,0.755,0.88,44205.28478,29666.0,6.456,1.995,5830,52.0,122.0
3003922192,SAN JUAN 30-5 UNIT #14A,10,2021-01-11 07:30:08,34.02,1262.82,253.2,1.0,215.72,60.6,103.92,,0.05,1.95,2438.0,2100.0,338.0,42.9,42.2,41.1,2.6,1.7,1.7,1.7,120.03,120.35,117.77,0.96,277.0,6.5,,14.3,67.3,0,4.6,9.0,1.7,9.13,6.3,1.22,28.3,34.75,1,1.0,0,0,28.3,455.0,0.0,0.0,1.0,50.4,0.4,23.3,28.7,0.15,-0.19,7.3,58.9,1.06,0.17,72.0,0.16,0,,95.0,,4.9,0.0,50.39,51.17,0.855,0.725,0.85,44205.31259,29666.0,6.456,1.995,5830,53.7,117.0
3003922192,SAN JUAN 30-5 UNIT #14A,11,2021-01-11 08:10:46,50.23,1416.19,284.5,1.0,218.58,62.2,104.82,,0.06,1.89,2408.0,2099.0,309.0,42.9,42.53,42.0,3.0,2.0,2.0,2.0,119.95,120.11,118.79,1.4,247.0,7.4,,24.9,258.5,0,4.1,20.0,2.0,8.75,6.3,1.22,29.7,90.63,1,1.0,0,0,29.7,477.0,0.0,1.0,1.0,48.2,0.4,23.3,28.7,0.2,-0.07,7.3,60.2,1.08,0.17,83.0,0.17,0,,99.6,,11.1,0.0,47.7,48.28,0.852,1.132,1.33,44205.34081,29666.0,6.456,1.995,5830,51.2,130.0
3003922192,SAN JUAN 30-5 UNIT #14A,12,2021-01-11 08:50:54,41.04,1340.23,257.4,1.0,219.46,62.6,104.33,,0.04,1.93,2421.0,2100.0,321.0,41.7,40.68,40.1,2.1,2.3,2.05,1.8,119.78,120.05,118.24,1.15,261.0,5.1,,12.1,60.8,0,4.4,20.0,2.05,7.9,6.4,1.22,29.7,31.88,1,1.0,0,0,29.7,601.0,0.0,0.0,1.0,50.3,0.3,23.3,28.6,0.2,-0.05,7.3,60.55,0.71,0.17,58.0,0.1,0,,96.8,,4.5,0.0,48.99,49.75,0.861,0.879,1.02,44205.36868,29666.0,6.456,1.995,5830,52.3,117.0
3003922192,SAN JUAN 30-5 UNIT #14A,13,2021-01-11 09:31:15,34.74,1262.82,274.4,1.0,221.92,64.1,104.0,,0.06,1.91,2437.0,2100.0,337.0,39.9,39.6,39.1,2.8,2.1,2.1,2.1,120.11,120.43,117.86,0.98,277.0,7.4,,17.4,79.4,0,4.6,19.0,2.1,8.25,6.1,1.21,28.1,39.98,1,1.0,0,0,28.1,507.0,0.0,0.0,1.0,49.6,0.6,23.3,28.9,0.1,-0.17,7.1,62.0,1.06,0.17,78.0,0.15,0,,95.3,,6.9,0.0,48.24,49.09,0.854,0.78,0.91,44205.3967,29666.0,6.456,1.995,5830,52.8,124.0
3003922192,SAN JUAN 30-5 UNIT #14A,14,2021-01-11 10:11:52,32.35,1433.61,330.7,1.0,216.8,61.2,104.96,,0.04,2.01,2404.0,2100.0,304.0,43.2,43.07,43.0,2.1,2.7,2.7,2.7,120.17,120.35,118.95,0.9,244.0,5.3,,27.9,67.2,0,4.1,20.0,2.7,8.87,6.3,1.22,29.3,35.33,1,1.0,0,0,29.3,651.0,0.0,0.0,1.0,52.8,0.4,23.3,28.7,0.2,-0.19,7.1,58.5,0.72,0.17,58.0,0.09,0,,93.5,,19.0,0.0,48.77,49.47,0.862,0.592,0.69,44205.42491,29666.0,6.456,1.995,5830,54.9,153.0
3003922192,SAN JUAN 30-5 UNIT #14A,15,2021-01-11 10:51:56,36.0,1325.0,261.9,1.0,217.15,62.05,104.58,,0.07,1.92,2424.0,2100.0,324.0,42.8,42.1,41.6,3.4,2.5,2.3,2.1,120.06,120.32,118.52,1.01,264.0,7.8,,15.5,62.3,0,4.4,10.0,2.3,8.93,6.1,1.21,31.2,30.02,1,1.0,0,0,31.2,648.0,0.0,0.0,1.0,48.9,0.6,23.3,28.9,0.1,-0.19,7.3,59.75,1.07,0.17,94.0,0.15,0,,94.3,,4.3,0.0,50.84,51.7,0.85,0.749,0.88,44205.45273,29666.0,6.456,1.995,5830,54.1,121.0
3003922192,SAN JUAN 30-5 UNIT #14A,16,2021-01-11 11:32:20,37.99,1185.76,211.7,1.0,217.15,62.05,103.93,,0.08,1.9,2456.0,2100.0,356.0,42.1,41.55,40.9,4.4,2.1,1.85,1.6,120.07,120.46,117.79,1.08,295.0,9.7,,11.1,93.2,0,4.9,19.0,1.85,8.33,5.9,1.2,30.3,37.42,1,1.0,0,0,30.3,504.0,0.0,0.0,1.0,47.3,0.8,23.3,29.1,0.15,-0.08,7.3,60.2,1.41,0.17,122.0,0.24,0,,98.8,,5.8,0.0,48.21,49.01,0.843,0.935,1.11,44205.48079,29666.0,6.456,1.995,5830,51.7,97.0
3003922192,SAN JUAN 30-5 UNIT #14A,17,2021-01-11 12:13:16,43.18,0.0,93.2,4.3,213.56,60.91,102.91,,0.06,1.92,2821.0,2100.0,721.0,42.8,41.63,39.9,2.6,2.2,1.45,1.1,119.48,120.46,116.62,1.41,464.0,6.9,,2.6,90.5,0,7.7,19.0,1.45,8.27,6.2,1.22,28.7,3.42,1,1.0,1,1,28.7,125.0,0.0,0.0,1.0,49.7,0.5,23.3,28.8,0.1,-0.19,7.1,59.46,0.92,0.17,72.0,0.58,0,,97.6,,5.6,,47.78,49.33,0.855,,,44205.50921,29666.0,6.456,1.995,5830,52.8,44.0
3003922192,SAN JUAN 30-5 UNIT #14A,18,2021-01-11 13:00:17,27.68,1262.82,281.9,1.0,222.62,64.5,104.78,,0.06,1.9,3340.0,3003.0,337.0,39.4,39.23,39.0,2.6,2.5,2.5,2.5,121.04,121.27,118.75,1.07,277.0,6.9,,18.3,110.2,0,4.6,11.0,2.5,15.33,20.9,1.71,31.4,52.4,1,1.0,0,0,31.4,676.0,0.0,0.0,1.0,49.5,1.0,23.2,29.2,0.13,-0.26,7.6,62.0,0.78,0.42,72.0,0.11,0,,100.1,,5.2,0.0,48.36,48.91,0.861,0.871,1.01,44205.54186,29666.0,6.456,1.995,5830,52.1,127.0
3003922192,SAN JUAN 30-5 UNIT #14A,19,2021-01-11 13:55:57,32.82,1371.76,272.7,1.0,219.46,62.7,104.16,,0.02,1.89,2843.0,2528.0,315.0,41.9,41.17,40.5,1.6,2.2,2.2,2.2,121.06,121.41,118.04,1.08,255.0,2.8,,17.0,79.8,0,4.3,19.0,2.2,14.08,13.2,1.46,29.5,46.15,1,1.0,0,0,29.5,593.0,0.0,0.0,1.0,50.1,0.6,23.3,28.9,0.05,-0.12,7.8,60.5,0.3,0.31,44.0,0.07,0,,95.3,,4.3,0.0,47.78,48.27,0.878,0.825,0.94,44205.58052,29666.0,6.456,1.995,5830,52.8,124.0
3003922192,SAN JUAN 30-5 UNIT #14A,20,2021-01-11 14:43:20,40.72,1249.29,290.2,1.0,218.93,61.8,103.93,,0.06,1.93,2440.0,2100.0,340.0,41.9,41.43,41.2,2.9,2.5,2.3,2.1,120.46,120.92,117.79,1.15,280.0,7.4,,16.5,110.7,0,4.7,13.0,2.3,10.33,6.1,1.21,29.2,45.1,1,1.0,0,0,29.2,673.0,0.0,0.0,1.0,49.7,0.6,23.3,28.9,0.1,-0.24,7.2,59.5,1.06,0.17,80.0,0.12,0,,95.9,,5.6,0.0,49.09,49.97,0.855,1.015,1.19,44205.61343,29666.0,6.456,1.995,5830,52.6,133.0
3003922192,SAN JUAN 30-5 UNIT #14A,21,2021-01-11 15:24:00,33.03,1281.32,275.5,1.0,220.52,63.9,104.68,,0.08,1.9,2433.0,2100.0,333.0,41.5,40.7,39.9,4.0,2.5,2.3,2.1,120.41,120.72,118.64,0.93,273.0,9.2,,15.9,58.3,0,4.6,8.0,2.3,10.0,6.0,1.21,28.8,28.38,1,1.0,0,0,28.8,158.0,0.0,0.0,0.0,47.7,0.7,23.3,29.0,0.08,-0.17,6.7,61.6,1.42,0.17,111.0,0.7,0,,99.3,,5.8,0.0,47.58,48.17,0.846,0.737,0.87,44205.64167,29666.0,6.456,1.995,5830,51.9,125.0
3003922192,SAN JUAN 30-5 UNIT #14A,22,2021-01-11 16:04:33,44.76,1290.77,229.6,1.0,217.87,62.35,104.1,,0.06,1.97,2432.0,2100.0,332.0,42.3,41.4,40.9,2.8,2.6,2.3,2.0,120.17,120.54,117.98,1.26,271.0,6.9,,12.3,165.1,0,4.5,19.0,2.3,9.55,6.1,1.21,30.3,56.7,1,1.0,0,0,30.3,651.0,0.0,0.0,1.0,50.8,0.6,23.3,28.9,0.1,-0.26,7.1,60.05,1.07,0.17,78.0,0.12,0,,97.2,,7.4,0.0,48.19,48.87,0.854,1.119,1.31,44205.66983,29666.0,6.456,1.995,5830,53.6,105.0
3003922192,SAN JUAN 30-5 UNIT #14A,23,2021-01-11 16:45:05,33.83,1320.0,284.1,1.0,219.11,62.5,103.84,,0.07,1.92,2426.0,2100.0,326.0,41.5,41.1,40.9,3.6,2.2,2.2,2.2,120.12,120.47,117.68,0.95,265.0,8.8,,17.3,67.7,0,4.4,9.0,2.2,7.08,6.0,1.21,28.5,37.5,1,1.0,0,0,28.5,477.0,0.0,0.0,1.0,48.8,0.7,23.3,29.0,0.1,-0.18,7.1,60.3,1.07,0.17,100.0,0.21,0,,98.8,,5.1,0.0,48.05,48.66,0.848,0.755,0.89,44205.69797,29666.0,6.456,1.995,5830,52.6,130.0
3003922192,SAN JUAN 30-5 UNIT #14A,24,2021-01-11 17:25:31,42.07,1439.51,298.2,1.0,215.0,60.2,104.38,,0.06,2.07,2403.0,2100.0,303.0,43.8,43.6,43.4,2.8,2.5,2.5,2.5,120.1,120.36,118.29,1.17,243.0,7.8,,23.9,152.0,0,4.1,10.0,2.5,9.52,6.1,1.21,29.9,65.33,1,1.0,0,0,29.9,130.0,0.0,0.0,1.0,53.5,0.6,23.3,28.9,0.1,-0.22,7.1,57.7,1.08,0.17,78.0,0.6,0,,97.5,,8.1,0.0,48.45,48.74,0.85,0.956,1.12,44205.72605,29666.0,6.456,1.995,5830,56.3,139.0
3003922192,SAN JUAN 30-5 UNIT #14A,25,2021-01-11 18:05:34,45.63,0.0,84.3,1.6,216.8,61.93,103.42,,0.07,1.98,2821.0,2100.0,721.0,41.7,40.93,40.2,3.8,1.9,1.35,1.0,119.48,120.26,117.2,1.49,626.0,9.2,,1.9,143.1,0,10.4,9.0,1.35,8.57,6.0,1.21,30.5,2.74,1,1.0,1,1,30.5,169.0,0.0,0.0,1.0,50.0,0.7,23.3,29.0,0.1,-0.09,7.3,60.58,1.23,0.17,105.0,0.62,0,,99.8,,8.5,,47.78,49.54,0.845,,,44205.75387,29666.0,6.456,1.995,5830,53.8,39.0
3003922192,SAN JUAN 30-5 UNIT #14A,1,2021-01-12 00:25:49,38.14,1056.8,188.0,1.0,217.87,62.8,104.29,,0.08,1.88,2492.0,2100.0,392.0,41.5,40.82,40.3,4.2,1.8,1.6,1.4,120.0,120.36,118.19,1.1,331.0,8.8,,8.5,44.3,0,5.5,20.0,1.6,10.82,15.0,1.21,31.0,22.42,1,1.0,0,0,31.0,513.0,0.0,0.0,0.0,46.8,0.6,23.3,28.9,0.1,-0.09,7.3,61.2,1.04,0.43,116.0,0.23,0,,97.2,,13.6,0.0,47.76,48.91,0.845,0.947,1.12,44206.01793,29666.0,6.456,1.995,5830,51.0,86.0
3003922192,SAN JUAN 30-5 UNIT #14A,2,2021-01-12 01:07:21,39.98,1249.29,218.8,1.0,218.22,62.25,103.87,,0.08,1.86,2442.0,2102.0,340.0,41.5,41.0,40.7,3.6,1.8,1.75,1.7,119.94,120.32,117.71,1.13,280.0,8.8,,12.0,97.3,0,4.7,12.0,1.75,9.38,6.2,1.22,29.1,37.92,1,1.0,0,0,29.1,513.0,0.0,0.0,1.0,46.8,0.5,23.3,28.8,0.15,-0.14,6.9,60.5,1.06,0.17,100.0,0.19,0,,97.0,,4.9,0.0,47.75,48.55,0.847,0.968,1.14,44206.04677,29666.0,6.456,1.995,5830,51.3,100.0
3003922192,SAN JUAN 30-5 UNIT #14A,3,2021-01-12 01:48:03,30.12,1223.08,262.6,1.0,224.87,65.8,104.04,,0.05,1.86,2754.0,2408.0,346.0,37.4,37.07,36.8,2.3,2.0,2.0,2.0,120.43,120.74,117.91,0.96,286.0,6.0,,13.3,71.0,0,4.8,19.0,2.0,11.18,21.1,1.4,28.5,36.78,1,1.0,0,0,28.5,482.0,0.0,0.0,1.0,49.8,0.4,23.3,28.7,0.1,-0.23,7.3,63.8,0.63,0.52,64.0,0.13,0,,95.4,,5.3,0.0,48.77,49.79,0.861,0.769,0.89,44206.07503,29666.0,6.456,1.995,5830,53.3,117.0
3003922192,SAN JUAN 30-5 UNIT #14A,4,2021-01-12 02:33:57,35.75,1366.41,263.4,1.0,217.15,62.05,104.37,,0.05,1.92,2417.0,2100.0,317.0,42.3,41.8,41.3,2.8,2.2,2.05,1.9,120.04,120.34,118.28,1.0,256.0,6.5,,15.4,56.5,0,4.3,20.0,2.05,9.95,15.0,1.22,27.5,28.18,1,1.0,0,0,27.5,477.0,0.0,0.0,0.0,50.5,0.4,23.3,28.7,0.1,-0.12,7.1,60.0,1.07,0.43,78.0,0.16,0,,90.3,,4.3,0.0,48.01,48.46,0.855,0.743,0.87,44206.10691,29666.0,6.456,1.995,5830,53.4,121.0
3003922192,SAN JUAN 30-5 UNIT #14A,5,2021-01-12 03:14:14,33.83,1320.0,254.8,1.0,218.22,62.0,103.96,,0.1,1.97,2426.0,2100.0,326.0,41.3,41.13,40.9,4.8,1.9,1.9,1.9,120.03,120.35,117.82,0.95,265.0,12.0,,17.0,77.4,0,4.4,19.0,1.9,9.23,16.0,1.21,28.5,36.48,1,1.0,0,0,28.5,665.0,0.0,0.0,1.0,48.7,0.7,23.3,29.0,0.1,-0.13,7.3,60.1,1.78,0.46,133.0,0.2,0,,97.1,,5.3,0.0,49.02,49.71,0.834,0.739,0.89,44206.13488,29666.0,6.456,1.995,5830,54.0,117.0
3003922192,SAN JUAN 30-5 UNIT #14A,6,2021-01-12 03:54:40,50.23,0.0,83.7,1.7,212.28,60.08,102.95,,0.06,1.87,2821.0,2100.0,721.0,44.6,42.31,39.1,3.0,1.8,1.23,0.9,119.31,120.22,116.67,1.64,620.0,7.4,,2.8,173.2,0,10.3,13.0,1.23,8.67,6.3,1.22,29.3,4.02,1,1.0,1,1,29.3,460.0,0.0,1.0,1.0,48.5,0.4,23.3,28.7,0.1,0.0,7.3,58.85,0.92,0.17,83.0,0.18,0,,96.0,,7.6,,47.39,48.79,0.852,,,44206.16296,29666.0,6.456,1.995,5830,51.7,39.0
3003922192,SAN JUAN 30-5 UNIT #14A,7,2021-01-12 04:41:41,29.49,0.0,107.1,8.5,235.17,79.86,105.26,,0.12,1.92,2871.0,2150.0,721.0,32.7,26.36,20.4,6.1,27.2,22.74,17.3,119.71,119.85,119.29,0.98,209.0,14.1,,2.0,41.5,0,3.5,10.0,22.74,9.52,6.6,1.23,31.6,2.4,1,1.0,1,2,31.6,693.0,0.0,0.0,0.0,45.8,0.9,23.3,29.2,0.05,-0.09,7.1,57.13,1.5,0.2,169.0,0.24,0,,96.8,,2.1,,49.29,49.82,0.821,,,44206.19561,29666.0,6.456,1.995,5830,52.4,46.0
3003922192,SAN JUAN 30-5 UNIT #14A,8,2021-01-12 05:29:32,41.35,0.0,92.5,0.6,205.81,56.45,103.43,,0.18,2.06,2821.0,2100.0,721.0,46.9,45.82,42.8,9.4,5.3,1.8,0.9,120.25,121.29,117.21,1.35,688.0,22.7,,1.8,67.8,0,11.5,7.0,1.8,12.53,5.5,1.19,25.9,3.76,1,1.0,1,3,25.9,360.0,0.0,0.0,1.0,46.8,1.3,23.2,29.5,0.1,-0.08,5.6,54.65,2.76,0.14,261.0,0.73,0,,98.0,,3.6,,49.5,49.95,0.796,,,44206.22884,29666.0,6.456,1.995,5830,56.2,45.0
3003922192,SAN JUAN 30-5 UNIT #14A,9,2021-01-12 06:16:33,18.34,1590.0,386.4,1.0,220.87,,105.4,,0.05,1.98,4334.0,4054.0,280.0,42.3,42.25,42.2,2.4,,,,122.16,122.32,119.45,0.92,220.0,6.0,,34.4,61.5,0,3.7,8.0,,14.12,38.8,2.35,29.5,51.03,1,1.0,0,0,29.5,435.0,0.0,0.0,1.0,52.6,0.5,23.3,28.8,0.15,-0.14,9.2,,0.4,0.58,67.0,0.15,0,,99.8,,4.4,0.0,50.84,51.14,0.877,0.647,0.74,44206.26149,29666.0,6.456,1.995,5830,55.0,175.0
3003922192,SAN JUAN 30-5 UNIT #14A,10,2021-01-12 07:28:47,48.9,1439.51,311.1,1.0,220.87,63.5,105.08,,0.01,2.02,2403.0,2099.0,304.0,41.5,40.97,40.7,0.6,3.3,3.3,3.3,120.78,121.02,119.09,1.36,243.0,0.9,,21.2,253.1,0,4.1,20.0,3.3,10.77,15.0,1.23,25.4,93.2,1,1.0,0,0,25.4,25.0,0.0,1.0,2.0,54.6,0.1,23.3,28.4,0.07,-0.11,7.2,60.2,0.0,0.43,17.0,0.68,0,,94.1,,10.5,0.0,50.34,51.21,0.881,1.155,1.31,44206.31166,29666.0,6.456,1.995,5830,55.2,141.0
3003922192,SAN JUAN 30-5 UNIT #14A,11,2021-01-12 08:08:50,21.95,1689.86,419.9,1.0,222.62,64.5,106.22,,0.02,1.95,3936.0,3669.0,267.0,43.1,41.9,40.6,0.9,3.4,3.4,3.4,122.3,122.45,120.38,1.0,207.0,2.1,,39.7,79.7,0,3.5,20.0,3.4,17.98,41.2,2.12,29.9,47.1,1,1.0,0,0,29.9,305.0,0.0,0.0,2.0,53.2,0.5,23.3,28.8,0.05,0.32,9.2,61.1,0.22,0.67,25.0,0.08,0,,93.5,,5.5,0.0,51.55,51.95,0.892,0.717,0.8,44206.33947,29666.0,6.456,1.995,5830,54.1,189.0
3003922192,SAN JUAN 30-5 UNIT #14A,12,2021-01-12 09:14:26,33.38,1475.95,373.8,1.0,221.92,,104.28,,,1.95,2433.0,2136.0,297.0,40.3,39.85,39.4,-0.5,,,,121.16,121.49,118.17,0.94,237.0,0.0,,28.2,96.6,0,4.0,19.0,,8.03,16.6,1.26,25.3,60.27,1,,0,0,25.3,,0.0,0.0,1.0,54.0,0.0,23.3,28.3,0.1,,7.8,,0.0,0.48,,,0,,95.6,,4.9,0.0,50.19,50.96,,0.695,,44206.38502,29666.0,6.456,1.995,5830,53.5,168.0
3003922192,SAN JUAN 30-5 UNIT #14A,13,2021-01-12 09:54:59,30.9,1634.58,383.1,1.0,224.01,65.3,105.74,,,1.9,3383.0,3108.0,275.0,41.1,40.23,39.3,-0.5,3.0,3.0,3.0,122.06,122.28,119.84,1.21,214.0,0.0,,21.8,88.7,0,3.6,19.0,3.0,12.78,32.8,1.81,29.1,49.78,1,1.0,0,0,29.1,455.0,0.0,0.0,1.0,53.7,0.3,23.3,28.6,0.15,,9.2,62.3,0.0,0.64,3.0,0.01,0,,95.3,,13.4,0.0,49.24,49.91,,0.869,,44206.41318,29666.0,6.456,1.995,5830,53.0,171.0
3003922192,SAN JUAN 30-5 UNIT #14A,14,2021-01-12 10:51:22,43.29,1488.51,300.9,1.0,220.52,63.3,104.42,,,1.94,2395.0,2100.0,295.0,41.7,40.97,40.3,-0.7,2.3,2.3,2.3,121.13,121.53,118.34,1.2,235.0,0.0,,20.6,129.9,0,3.9,12.0,2.3,9.37,6.6,1.23,26.3,64.63,1,1.0,0,0,26.3,8.0,0.0,0.0,2.0,54.2,0.1,23.3,28.4,0.1,,7.6,61.0,0.0,0.2,3.0,0.38,0,,92.3,,7.0,0.0,50.24,51.24,,0.996,,44206.45234,29666.0,6.456,1.995,5830,54.7,136.0
3003922192,SAN JUAN 30-5 UNIT #14A,15,2021-01-12 11:31:17,39.71,1371.76,279.2,1.0,220.17,63.1,104.12,,0.02,1.94,2415.0,2100.0,315.0,41.3,40.63,40.3,1.0,2.5,2.5,2.5,120.64,121.02,118.0,1.11,255.0,2.8,,16.8,110.5,0,4.3,14.0,2.5,8.28,6.4,1.22,28.6,55.73,1,1.0,0,0,28.6,72.0,0.0,0.0,2.0,52.4,0.3,23.3,28.6,0.13,-0.22,7.4,60.6,0.36,0.17,28.0,0.39,0,,97.7,,7.4,0.0,48.22,48.95,0.876,0.911,1.04,44206.48006,29666.0,6.456,1.995,5830,53.7,127.0
3003922192,SAN JUAN 30-5 UNIT #14A,16,2021-01-12 12:11:32,44.79,1399.2,308.9,1.0,218.58,62.2,104.46,,0.03,1.94,2411.0,2100.0,311.0,41.9,41.67,41.4,2.0,2.4,2.4,2.4,120.43,120.73,118.38,1.25,250.0,3.9,,21.2,172.3,0,4.2,9.0,2.4,9.53,6.2,1.22,29.5,75.78,1,1.0,0,0,29.5,105.0,0.0,1.0,2.0,51.0,0.5,23.3,28.8,0.1,-0.24,7.6,59.8,0.72,0.17,55.0,0.52,0,,95.2,,7.0,0.0,49.04,49.71,0.867,1.036,1.19,44206.50801,29666.0,6.456,1.995,5830,53.0,141.0
3003922192,SAN JUAN 30-5 UNIT #14A,17,2021-01-12 12:51:43,50.03,1276.64,238.1,1.0,218.22,62.65,104.37,,0.05,1.88,2435.0,2100.0,335.0,41.7,41.15,40.7,2.3,2.4,2.25,2.1,120.23,120.56,118.28,1.41,274.0,5.6,,11.6,248.2,0,4.6,13.0,2.25,10.72,6.2,1.22,30.3,77.44,1,1.0,0,0,30.3,482.0,0.0,1.0,1.0,48.8,0.5,23.3,28.8,0.1,-0.28,7.3,60.4,0.71,0.17,64.0,0.13,0,,98.1,,9.2,0.0,47.91,48.74,0.861,1.277,1.48,44206.53591,29666.0,6.456,1.995,5830,51.3,109.0
3003922192,SAN JUAN 30-5 UNIT #14A,18,2021-01-12 13:32:18,39.1,1197.95,206.2,1.0,218.58,62.95,103.72,,0.07,1.87,2453.0,2100.0,353.0,41.5,40.5,39.5,3.2,2.3,2.1,1.9,120.16,120.6,117.54,1.11,292.0,8.6,,9.6,92.4,0,4.9,13.0,2.1,5.3,6.0,1.21,29.5,40.14,1,1.0,0,0,29.5,493.0,0.0,0.0,1.0,47.7,0.7,23.3,29.0,0.13,-0.15,7.4,60.85,1.06,0.17,89.0,0.18,0,,95.6,,5.1,0.0,48.74,49.76,0.852,0.968,1.14,44206.5641,29666.0,6.456,1.995,5830,52.7,94.0
3003922192,SAN JUAN 30-5 UNIT #14A,19,2021-01-12 14:13:11,43.49,0.0,87.3,1.2,216.44,61.85,102.84,,0.07,1.87,2821.0,2100.0,721.0,41.3,40.49,38.5,3.4,2.3,1.65,1.3,119.57,120.61,116.55,1.42,649.0,8.8,,2.8,72.3,0,10.8,15.0,1.65,8.18,6.0,1.21,28.9,3.64,1,1.0,1,1,28.9,158.0,0.0,0.0,1.0,47.5,0.7,23.3,29.0,0.15,-0.15,7.3,60.2,0.92,0.17,94.0,0.59,0,,97.8,,5.3,,46.96,48.58,0.85,,,44206.59249,29666.0,6.456,1.995,5830,50.9,40.0
3003922192,SAN JUAN 30-5 UNIT #14A,20,2021-01-12 15:00:12,39.2,0.0,81.5,1.2,212.28,58.85,103.17,,0.15,1.95,2821.0,2100.0,721.0,44.2,43.64,42.5,7.9,2.0,1.55,1.2,119.4,120.25,116.92,1.28,648.0,17.8,,2.0,73.7,0,10.8,18.0,1.55,9.2,17.0,1.19,31.4,3.04,1,1.0,1,2,31.4,734.0,0.0,0.0,1.0,45.1,1.2,23.2,29.4,0.05,-0.08,6.9,57.3,2.14,0.49,219.0,0.3,0,,97.9,,4.1,,47.27,47.9,0.808,,,44206.62514,29666.0,6.456,1.995,5830,53.0,38.0
3003922192,SAN JUAN 30-5 UNIT #14A,21,2021-01-12 15:47:13,43.15,0.0,90.9,0.6,208.61,58.71,103.53,,0.08,1.95,3204.0,2483.0,721.0,45.8,44.07,42.4,4.0,2.1,1.55,1.2,120.04,120.83,117.32,1.6,684.0,9.7,,2.1,168.6,0,11.4,17.0,1.55,12.6,24.4,1.42,28.7,4.26,1,1.0,1,3,28.7,640.0,0.0,0.0,1.0,49.2,0.9,23.3,29.2,0.0,-0.13,6.9,57.16,1.08,0.58,111.0,0.17,0,,99.6,,7.4,,48.27,49.02,0.846,,,44206.65779,29666.0,6.456,1.995,5830,53.2,44.0
3003922192,SAN JUAN 30-5 UNIT #14A,22,2021-01-12 16:40:37,25.54,1681.73,363.2,1.0,221.57,63.9,105.68,,,1.97,4769.0,4500.0,269.0,42.1,41.4,40.7,-1.0,2.6,2.6,2.6,122.66,122.86,119.77,1.41,208.0,0.0,,29.5,199.4,0,3.5,18.0,2.6,13.62,57.0,2.58,30.1,89.88,1,1.0,0,0,30.1,648.0,0.0,1.0,2.0,55.8,0.8,23.3,29.1,0.07,,9.3,61.3,0.0,0.76,3.0,0.0,0,,101.1,,8.7,0.0,50.27,50.67,,1.171,,44206.69487,29666.0,6.456,1.995,5830,54.8,164.0
3003922192,SAN JUAN 30-5 UNIT #14A,1,2021-01-13 00:27:29,41.89,1382.61,311.9,1.0,219.82,62.9,104.18,,0.06,1.93,2413.0,2100.0,313.0,41.3,41.03,40.5,2.6,2.3,2.3,2.3,120.19,120.49,118.07,1.17,253.0,6.9,,20.8,127.1,0,4.2,19.0,2.3,8.48,16.0,1.22,27.9,59.45,1,1.0,0,0,27.9,119.0,0.0,0.0,1.0,49.9,0.5,23.3,28.8,0.1,-0.08,7.3,60.6,1.07,0.46,72.0,0.61,0,,97.0,,6.8,0.0,46.52,46.97,0.855,0.958,1.12,44207.01909,29666.0,6.456,1.995,5830,52.5,142.0
3003922192,SAN JUAN 30-5 UNIT #14A,2,2021-01-13 01:07:42,34.78,1433.61,319.8,1.0,222.62,64.5,104.62,,0.06,1.85,2931.0,2626.0,305.0,40.9,39.93,39.1,2.6,2.1,2.1,2.1,120.84,121.1,118.57,1.18,244.0,6.5,,22.2,114.8,0,4.1,18.0,2.1,10.47,25.8,1.51,30.1,57.73,1,1.0,0,0,30.1,524.0,0.0,0.0,1.0,47.8,0.6,23.3,28.9,0.1,-0.08,8.4,62.4,0.88,0.59,72.0,0.14,0,,99.6,,6.0,0.0,47.29,47.86,0.865,0.966,1.12,44207.04701,29666.0,6.456,1.995,5830,50.9,144.0
3003922192,SAN JUAN 30-5 UNIT #14A,3,2021-01-13 01:56:33,26.99,1439.51,367.3,1.0,223.31,64.9,105.44,,0.04,1.85,2785.0,2482.0,303.0,40.3,39.9,39.5,2.4,2.6,2.6,2.6,120.96,121.14,119.5,0.87,243.0,4.6,,27.9,61.8,0,4.1,19.0,2.6,12.92,22.4,1.44,27.9,35.25,1,1.0,0,0,27.9,100.0,0.0,0.0,0.0,48.2,0.5,23.3,28.8,0.0,0.0,8.0,62.3,0.62,0.53,67.0,0.67,0,,98.1,,3.7,0.0,47.36,47.74,0.869,0.629,0.72,44207.08094,29666.0,6.456,1.995,5830,50.6,164.0
3003922192,SAN JUAN 30-5 UNIT #14A,4,2021-01-13 02:42:58,36.65,1305.22,262.3,1.0,220.52,64.1,104.58,,0.06,1.87,2428.0,2100.0,328.0,40.3,39.83,39.4,2.6,2.3,2.0,1.7,120.31,120.61,118.52,1.03,268.0,6.5,,13.0,59.8,0,4.5,9.0,2.0,9.97,6.3,1.22,28.7,29.2,1,1.0,0,0,28.7,455.0,0.0,0.0,0.0,48.2,0.4,23.3,28.7,0.1,-0.08,7.3,62.1,1.07,0.17,72.0,0.16,0,,94.7,,4.3,0.0,48.0,48.74,0.859,0.763,0.89,44207.11317,29666.0,6.456,1.995,5830,50.8,119.0
3003922192,SAN JUAN 30-5 UNIT #14A,5,2021-01-13 03:23:26,39.89,1320.0,296.4,1.0,220.52,63.3,104.22,,0.07,1.93,2426.0,2100.0,326.0,40.9,40.43,40.1,3.6,2.1,2.1,2.1,120.21,120.51,118.11,1.12,265.0,8.8,,18.9,115.2,0,4.4,19.0,2.1,8.43,16.0,1.21,28.7,52.55,1,1.0,0,0,28.7,136.0,0.0,0.0,1.0,49.0,0.6,23.3,28.9,0.1,-0.05,7.3,61.2,1.07,0.46,100.0,0.74,0,,95.1,,6.8,0.0,48.03,48.72,0.85,0.903,1.06,44207.14127,29666.0,6.456,1.995,5830,53.0,134.0
3003922192,SAN JUAN 30-5 UNIT #14A,6,2021-01-13 04:03:52,35.38,1451.45,309.4,1.0,219.46,62.7,104.26,,0.06,1.85,2906.0,2605.0,301.0,42.7,41.77,40.9,3.1,2.1,2.1,2.1,120.72,121.01,118.16,1.19,241.0,7.2,,22.6,84.3,0,4.0,15.0,2.1,12.28,14.4,1.5,30.3,48.5,1,1.0,0,0,30.3,513.0,0.0,0.0,1.0,47.3,0.7,23.3,29.0,0.0,-0.11,7.8,60.6,0.89,0.32,86.0,0.17,0,,97.1,,5.0,0.0,47.97,48.48,0.859,0.885,1.03,44207.16935,29666.0,6.456,1.995,5830,50.4,141.0
3003922192,SAN JUAN 30-5 UNIT #14A,7,2021-01-13 04:52:18,38.57,1150.66,201.3,1.0,221.22,64.4,103.77,,0.07,1.88,2464.0,2100.0,364.0,40.1,39.1,38.3,3.4,2.0,1.7,1.4,120.23,120.68,117.6,1.1,304.0,7.8,,9.0,85.7,0,5.1,19.0,1.7,9.3,16.0,1.22,27.9,35.86,1,1.0,0,0,27.9,119.0,0.0,0.0,1.0,48.9,0.5,23.3,28.8,0.1,-0.06,7.3,62.7,1.05,0.46,94.0,0.79,0,,94.8,,5.4,0.0,49.45,50.79,0.854,0.948,1.11,44207.20299,29666.0,6.456,1.995,5830,53.5,91.0
3003922192,SAN JUAN 30-5 UNIT #14A,8,2021-01-13 05:33:22,33.53,1350.58,286.9,1.0,218.93,62.4,103.92,,0.08,1.87,2525.0,2205.0,320.0,42.7,41.73,40.8,4.2,1.9,1.9,1.9,120.32,120.67,117.77,0.98,259.0,9.7,,18.4,62.5,0,4.3,19.0,1.9,10.12,17.8,1.27,28.7,37.6,1,1.0,0,0,28.7,499.0,0.0,0.0,0.0,46.6,0.6,23.3,28.9,0.1,-0.13,7.3,60.5,1.37,0.49,116.0,0.23,0,,95.5,,4.4,0.0,47.62,48.18,0.846,0.775,0.92,44207.2315,29666.0,6.456,1.995,5830,51.3,131.0
3003922192,SAN JUAN 30-5 UNIT #14A,9,2021-01-13 06:15:27,40.17,1404.82,303.6,1.0,216.44,61.0,104.26,,0.08,1.95,2409.0,2100.0,309.0,42.6,42.47,42.3,4.6,2.2,2.2,2.2,120.14,120.42,118.16,1.12,249.0,10.2,,22.6,118.8,0,4.2,19.0,2.2,10.45,16.0,1.21,28.3,55.05,1,1.0,0,0,28.3,640.0,0.0,0.0,1.0,48.6,0.6,23.3,28.9,0.1,-0.09,7.7,58.8,1.43,0.46,127.0,0.2,0,,97.6,,5.7,0.0,48.77,49.26,0.841,0.909,1.08,44207.26073,29666.0,6.456,1.995,5830,53.2,140.0
3003922192,SAN JUAN 30-5 UNIT #14A,10,2021-01-13 06:55:36,33.44,1290.77,308.6,1.0,223.66,65.1,104.66,,0.07,1.86,2842.0,2510.0,332.0,40.1,39.4,38.7,3.3,2.4,2.4,2.4,120.64,120.88,118.61,1.1,271.0,8.1,,19.7,103.9,0,4.5,9.0,2.4,10.43,12.9,1.45,29.9,49.1,1,1.0,0,0,29.9,618.0,0.0,0.0,1.0,47.2,0.6,23.3,28.9,0.07,-0.03,8.0,62.7,0.91,0.31,91.0,0.15,0,,100.7,,5.8,0.0,47.6,48.27,0.855,0.891,1.04,44207.28861,29666.0,6.456,1.995,5830,50.5,138.0
3003922192,SAN JUAN 30-5 UNIT #14A,11,2021-01-13 07:42:58,36.51,1371.76,268.2,1.0,216.44,61.7,104.6,,0.07,1.98,2414.0,2100.0,314.0,43.6,42.6,41.7,3.8,2.6,2.25,1.9,120.23,120.52,118.54,1.02,255.0,8.8,,17.1,63.0,0,4.3,9.0,2.25,10.97,6.1,1.21,29.3,30.28,1,1.0,0,0,29.3,651.0,0.0,0.0,1.0,50.3,0.6,23.3,28.9,0.05,-0.09,7.3,59.45,1.07,0.17,105.0,0.16,0,,91.3,,4.7,0.0,49.68,50.23,0.848,0.762,0.9,44207.3215,29666.0,6.456,1.995,5830,54.1,124.0
3003922192,SAN JUAN 30-5 UNIT #14A,12,2021-01-13 08:23:12,37.28,1404.82,357.1,1.0,218.58,62.2,104.0,,0.1,1.93,2410.0,2101.0,309.0,42.3,41.73,41.0,5.0,2.1,2.1,2.1,120.15,120.48,117.86,1.04,249.0,11.6,,20.0,80.1,0,4.2,19.0,2.1,9.22,16.0,1.2,29.3,45.4,1,1.0,0,0,29.3,665.0,0.0,0.0,1.0,47.7,0.8,23.3,29.1,0.1,-0.12,7.3,60.1,1.43,0.46,139.0,0.21,0,,100.8,,4.7,0.0,48.08,48.6,0.836,0.834,1.0,44207.34944,29666.0,6.456,1.995,5830,52.7,163.0
3003922192,SAN JUAN 30-5 UNIT #14A,13,2021-01-13 09:03:22,38.72,1399.2,287.9,1.0,219.46,62.7,104.38,,0.05,1.89,2410.0,2100.0,310.0,42.3,41.57,41.1,2.1,2.0,2.0,2.0,120.12,120.38,118.29,1.08,250.0,5.6,,22.2,102.6,0,4.2,9.0,2.0,8.37,6.3,1.22,29.1,49.33,1,1.0,0,0,29.1,466.0,0.0,0.0,1.0,49.4,0.4,23.3,28.7,0.05,-0.13,6.9,60.7,0.72,0.17,58.0,0.12,0,,98.7,,6.4,0.0,47.96,48.58,0.859,0.864,1.01,44207.37734,29666.0,6.456,1.995,5830,51.8,131.0
3003922192,SAN JUAN 30-5 UNIT #14A,14,2021-01-13 09:43:32,43.06,1416.19,305.2,1.0,218.93,62.4,104.46,,0.05,1.98,2408.0,2100.0,308.0,42.5,41.87,41.2,2.4,2.2,2.2,2.2,120.08,120.32,118.38,1.2,247.0,6.0,,23.7,159.5,0,4.1,20.0,2.2,9.53,15.0,1.22,30.1,67.38,1,1.0,0,0,30.1,455.0,0.0,0.0,1.0,51.7,0.5,23.3,28.8,0.15,-0.14,7.5,60.2,0.72,0.43,67.0,0.15,0,,96.1,,7.8,0.0,48.95,49.55,0.857,0.978,1.14,44207.40523,29666.0,6.456,1.995,5830,54.2,139.0
3003922192,SAN JUAN 30-5 UNIT #14A,15,2021-01-13 10:23:40,33.45,1267.39,287.3,1.0,221.57,63.9,104.34,,0.05,1.86,2712.0,2376.0,336.0,40.3,40.0,39.5,2.2,2.3,2.3,2.3,120.55,120.84,118.25,1.05,276.0,5.6,,16.7,93.9,0,4.6,20.0,2.3,9.27,19.6,1.37,29.7,47.43,1,1.0,0,0,29.7,443.0,0.0,0.0,1.0,48.5,0.6,23.3,28.9,0.07,-0.15,7.6,61.6,0.64,0.51,61.0,0.14,0,,99.3,,5.0,0.0,48.04,48.72,0.865,0.852,0.98,44207.4331,29666.0,6.456,1.995,5830,50.7,130.0
3003922192,SAN JUAN 30-5 UNIT #14A,16,2021-01-13 11:08:52,37.02,1310.11,257.4,1.0,216.44,61.85,104.47,,0.06,1.93,2427.0,2100.0,327.0,43.4,42.45,41.5,3.0,2.5,2.25,2.0,120.29,120.61,118.39,1.04,267.0,7.8,,1.4,60.9,0,4.5,19.0,2.25,9.87,16.0,1.21,30.1,30.32,1,,0,0,30.1,,0.0,0.0,1.0,49.6,0.7,23.3,29.0,0.1,-0.28,6.7,59.6,1.07,0.46,,,0,,95.6,,22.0,0.0,47.57,48.48,0.852,0.794,0.93,44207.46449,29666.0,6.456,1.995,5830,52.6,119.0
3003922192,SAN JUAN 30-5 UNIT #14A,17,2021-01-13 11:49:19,37.18,1366.41,284.5,1.0,218.22,62.0,104.34,,0.1,1.94,2417.0,2100.0,317.0,42.3,41.87,41.6,5.2,2.4,2.4,2.4,120.32,120.61,118.25,1.04,256.0,12.5,,22.5,98.1,0,4.3,9.0,2.4,7.32,5.8,1.2,30.1,47.18,1,1.0,0,0,30.1,529.0,0.0,0.0,1.0,47.9,0.9,23.3,29.2,0.1,-0.02,7.5,59.6,1.79,0.17,144.0,0.27,0,,98.8,,5.9,0.0,49.09,49.74,0.836,0.822,0.98,44207.49258,29666.0,6.456,1.995,5830,53.2,130.0
3003922192,SAN JUAN 30-5 UNIT #14A,18,2021-01-13 12:29:36,45.31,1249.29,225.0,1.0,217.87,62.35,104.15,,0.05,1.88,2441.0,2100.0,341.0,41.5,41.23,40.9,2.1,2.1,2.0,1.9,120.13,120.49,118.03,1.28,280.0,5.6,,13.2,173.6,0,4.7,10.0,2.0,8.6,6.2,1.22,30.5,57.7,1,1.0,0,0,30.5,640.0,0.0,1.0,1.0,49.0,0.5,23.3,28.8,0.1,-0.19,7.1,60.35,0.71,0.17,58.0,0.09,0,,99.1,,8.1,0.0,47.42,48.17,0.861,1.12,1.3,44207.52056,29666.0,6.456,1.995,5830,51.1,103.0
3003922192,SAN JUAN 30-5 UNIT #14A,19,2021-01-13 13:10:17,33.19,1166.0,322.2,0.0,224.01,65.3,104.98,,,1.83,3254.0,2954.0,300.0,40.1,39.7,39.1,-0.3,2.8,2.8,2.8,121.35,121.59,118.98,1.25,300.0,0.0,,23.9,151.2,0,5.0,19.0,2.8,15.52,30.2,1.71,28.5,71.13,1,1.0,1,0,28.5,111.0,0.0,0.0,2.0,50.3,0.5,23.3,28.8,0.1,-0.73,8.2,62.5,0.0,0.61,3.0,0.03,0,,99.4,,6.3,0.0,48.15,48.76,,,,44207.54881,29666.0,6.456,1.995,5830,50.2,144.0
3003922192,SAN JUAN 30-5 UNIT #14A,20,2021-01-13 14:04:31,37.08,1325.0,292.0,1.0,223.66,65.1,104.58,,0.01,1.86,2656.0,2332.0,324.0,39.8,39.23,38.5,0.0,2.5,2.5,2.5,121.01,121.33,118.52,1.14,264.0,0.9,,18.2,115.6,0,4.4,9.0,2.5,12.38,10.2,1.35,28.8,57.45,1,,0,0,28.8,604.0,0.0,0.0,1.0,51.7,0.4,23.3,28.7,0.07,-0.61,7.4,62.6,0.0,0.26,0.0,,0,,94.2,,6.1,0.0,48.72,49.6,0.883,0.936,1.06,44207.58647,29666.0,6.456,1.995,5830,54.3,131.0
3003922192,SAN JUAN 30-5 UNIT #14A,21,2021-01-13 14:48:47,32.74,1305.22,245.9,1.0,219.46,63.4,104.48,,0.05,1.91,2428.0,2100.0,328.0,41.5,40.58,40.1,2.4,2.7,2.4,2.1,120.42,120.76,118.41,0.92,268.0,6.0,,1.7,58.7,0,4.5,19.0,2.4,8.78,16.0,1.21,29.3,28.3,1,1.0,0,0,29.3,136.0,0.0,0.0,0.0,49.6,0.6,23.3,28.9,0.13,-0.14,7.0,61.0,0.71,0.46,67.0,0.49,0,,97.6,,12.4,0.0,46.19,46.82,0.862,0.775,0.9,44207.61721,29666.0,6.456,1.995,5830,52.0,112.0
3003922192,SAN JUAN 30-5 UNIT #14A,22,2021-01-13 15:29:15,37.41,1320.0,286.0,1.0,219.11,62.5,104.18,,0.07,1.91,2425.0,2100.0,325.0,42.5,41.7,41.1,3.0,2.4,2.4,2.4,120.38,120.71,118.07,1.05,265.0,8.3,,19.0,88.6,0,4.4,13.0,2.4,9.25,6.1,1.21,29.2,46.93,1,1.0,0,0,29.2,504.0,0.0,0.0,1.0,48.9,0.6,23.3,28.9,0.15,-0.25,7.1,60.1,1.07,0.17,83.0,0.16,0,,96.2,,6.0,0.0,48.74,49.4,0.852,0.84,0.99,44207.64531,29666.0,6.456,1.995,5830,52.5,131.0
3003922192,SAN JUAN 30-5 UNIT #14A,23,2021-01-13 16:09:40,47.35,1310.11,238.8,1.0,217.87,62.25,104.37,,0.08,1.89,2427.0,2100.0,327.0,41.9,41.25,40.5,3.8,2.7,2.3,1.9,120.15,120.47,118.28,1.33,267.0,9.7,,12.2,193.4,0,4.5,19.0,2.3,10.67,16.0,1.21,31.2,63.44,1,1.0,0,0,31.2,499.0,0.0,1.0,1.0,47.4,0.7,23.3,29.0,0.1,-0.21,6.9,59.95,1.42,0.46,105.0,0.21,0,,99.7,,8.8,0.0,47.55,48.24,0.843,1.185,1.41,44207.67338,29666.0,6.456,1.995,5830,52.3,110.0
3003922192,SAN JUAN 30-5 UNIT #14A,24,2021-01-13 16:50:07,36.47,1433.61,346.3,1.0,224.01,65.3,105.3,,0.02,1.84,3340.0,3036.0,304.0,40.9,39.97,39.1,0.8,2.6,2.6,2.6,121.44,121.65,119.34,1.41,244.0,1.8,,25.8,226.3,0,4.1,12.0,2.6,12.72,21.7,1.75,29.1,91.23,1,1.0,0,0,29.1,504.0,0.0,1.0,2.0,49.7,0.6,23.3,28.9,0.05,0.0,8.2,62.7,0.26,0.43,22.0,0.04,0,,99.9,,9.1,0.0,47.57,48.14,0.885,1.179,1.33,44207.70147,29666.0,6.456,1.995,5830,50.5,155.0
3003922192,SAN JUAN 30-5 UNIT #14A,1,2021-01-14 00:13:47,35.2,0.0,80.4,0.8,214.28,60.25,103.75,,0.17,1.93,2823.0,2102.0,721.0,43.6,42.85,42.3,8.4,1.6,1.14,0.8,119.23,119.8,117.58,1.15,671.0,20.3,,2.0,34.5,0,11.2,11.0,1.14,7.82,5.7,1.2,34.1,2.64,1,1.0,1,1,34.1,709.0,0.0,0.0,0.0,43.9,1.1,23.2,29.3,0.15,-0.02,6.9,59.11,2.45,0.17,233.0,0.33,0,,104.7,,13.0,,47.51,48.77,0.8,,,44208.00957,29666.0,6.456,1.995,5830,52.7,38.0
3003922192,SAN JUAN 30-5 UNIT #14A,2,2021-01-14 01:00:50,38.9,0.0,83.8,0.9,205.81,57.03,103.89,,0.16,1.99,2821.0,2100.0,721.0,47.5,46.36,44.9,8.6,1.6,1.2,0.9,119.72,120.4,117.74,1.27,670.0,19.8,,2.9,39.1,0,11.2,8.0,1.2,8.83,5.8,1.2,31.3,3.88,1,1.0,1,2,31.3,244.0,0.0,0.0,0.0,46.1,0.9,23.3,29.2,0.1,0.02,6.3,55.83,2.45,0.17,238.0,0.98,0,,96.6,,14.5,,48.86,49.49,0.805,,,44208.04225,29666.0,6.456,1.995,5830,54.7,41.0
3003922192,SAN JUAN 30-5 UNIT #14A,3,2021-01-14 01:47:51,24.31,1527.51,305.3,1.0,216.08,60.8,104.9,,0.07,2.0,3732.0,3443.0,289.0,44.0,43.7,43.4,3.7,2.3,2.3,2.3,121.64,121.88,118.88,1.05,229.0,9.0,,24.0,83.5,0,3.8,8.0,2.3,18.23,28.2,1.97,32.7,48.05,1,1.0,0,0,32.7,524.0,0.0,0.0,1.0,51.4,0.9,23.3,29.2,0.05,-0.13,7.6,58.5,0.69,0.49,103.0,0.2,0,,105.8,,5.1,0.0,49.9,50.2,0.859,0.85,0.99,44208.0749,29666.0,6.456,1.995,5830,55.1,141.0
3003922192,SAN JUAN 30-5 UNIT #14A,4,2021-01-14 02:50:03,34.25,1527.51,295.8,1.0,214.28,59.8,104.5,,0.05,1.98,2699.0,2410.0,289.0,44.2,44.0,43.8,2.6,1.9,1.9,1.9,121.2,121.55,118.43,1.07,229.0,6.5,,20.9,90.2,0,3.8,19.0,1.9,11.22,11.3,1.39,27.5,50.75,1,1.0,0,0,27.5,455.0,0.0,0.0,1.0,51.6,0.6,23.3,28.9,0.1,-0.16,7.4,57.9,0.96,0.27,72.0,0.16,0,,100.3,,4.7,0.0,49.53,49.92,0.863,0.868,1.01,44208.11809,29666.0,6.456,1.995,5830,54.2,138.0
3003922192,SAN JUAN 30-5 UNIT #14A,5,2021-01-14 03:35:02,26.47,1494.87,363.5,1.0,220.17,63.1,105.68,,0.06,1.96,2872.0,2578.0,294.0,41.9,41.85,41.8,2.6,2.6,2.6,2.6,121.3,121.49,119.77,0.88,234.0,6.0,,30.8,69.3,0,3.9,19.0,2.6,11.0,14.1,1.49,28.6,38.1,1,1.0,0,0,28.6,407.0,0.0,0.0,1.0,51.1,0.6,23.3,28.9,0.08,-0.26,7.8,60.5,0.6,0.33,72.0,0.18,0,,98.9,,4.8,0.0,50.74,51.23,0.865,0.639,0.74,44208.14933,29666.0,6.456,1.995,5830,53.8,165.0
3003922192,SAN JUAN 30-5 UNIT #14A,6,2021-01-14 04:22:54,33.42,1433.61,344.2,1.0,217.15,61.4,105.14,,0.07,2.01,2404.0,2100.0,304.0,43.2,43.07,43.0,3.7,2.6,2.6,2.6,120.62,120.83,119.16,0.93,244.0,8.6,,28.2,62.3,0,4.1,13.0,2.6,8.9,6.2,1.22,29.8,34.68,1,1.0,0,0,29.8,499.0,0.0,0.0,1.0,51.9,0.5,23.3,28.8,0.13,-0.07,7.4,58.8,1.08,0.17,103.0,0.21,0,,94.9,,5.7,0.0,50.18,50.56,0.852,0.602,0.71,44208.18257,29666.0,6.456,1.995,5830,55.4,159.0
3003922192,SAN JUAN 30-5 UNIT #14A,7,2021-01-14 05:02:58,38.05,1404.82,304.2,1.0,217.87,61.8,104.5,,0.08,1.95,2611.0,2302.0,309.0,43.2,42.57,41.8,4.3,2.2,2.2,2.2,120.57,120.85,118.43,1.15,249.0,9.9,,20.5,93.8,0,4.2,19.0,2.2,10.33,9.3,1.32,31.0,47.13,1,1.0,0,0,31.0,488.0,0.0,0.0,1.0,49.0,0.8,23.3,29.1,0.07,-0.06,7.8,59.6,1.32,0.23,119.0,0.24,0,,98.7,,5.3,0.0,49.13,49.65,0.846,0.846,1.0,44208.21039,29666.0,6.456,1.995,5830,53.3,140.0
3003922192,SAN JUAN 30-5 UNIT #14A,8,2021-01-14 05:46:29,42.79,1439.51,287.8,1.0,216.8,61.2,104.54,,0.09,1.94,2403.0,2100.0,303.0,42.7,42.6,42.5,4.6,2.2,2.2,2.2,120.37,120.65,118.48,1.19,243.0,11.1,,26.4,127.0,0,4.1,16.0,2.2,9.48,6.0,1.21,30.2,56.33,1,1.0,0,0,30.2,499.0,0.0,0.0,1.0,48.8,0.7,23.3,29.0,0.05,-0.16,7.1,59.0,1.44,0.17,127.0,0.25,0,,95.6,,6.9,0.0,50.29,51.05,0.838,0.907,1.08,44208.24061,29666.0,6.456,1.995,5830,54.3,133.0
3003922192,SAN JUAN 30-5 UNIT #14A,9,2021-01-14 06:26:32,43.56,1031.86,161.7,1.0,215.0,60.93,103.89,,0.06,1.94,2499.0,2100.0,399.0,42.7,42.14,41.7,3.0,1.8,1.57,1.3,119.98,120.43,117.73,1.26,339.0,6.9,,6.7,136.7,0,5.7,10.0,1.57,8.53,6.3,1.22,30.1,20.98,1,1.0,0,0,30.1,443.0,0.0,0.0,1.0,50.1,0.4,23.3,28.7,0.1,0.0,7.3,59.37,1.04,0.17,83.0,0.19,0,,97.9,,7.4,0.0,48.54,49.43,0.855,1.134,1.33,44208.26843,29666.0,6.456,1.995,5830,53.4,75.0
3003922192,SAN JUAN 30-5 UNIT #14A,10,2021-01-14 07:08:11,34.95,1335.11,272.7,1.0,219.82,62.9,103.84,,0.06,1.93,2423.0,2100.0,323.0,40.5,40.3,39.9,3.0,2.0,2.0,2.0,120.06,120.4,117.68,0.98,262.0,7.8,,16.6,75.7,0,4.4,10.0,2.0,8.18,6.2,1.22,28.1,39.2,1,1.0,0,0,28.1,624.0,0.0,0.0,1.0,49.8,0.5,23.3,28.8,0.1,-0.07,7.3,60.9,1.07,0.17,83.0,0.13,0,,96.8,,5.8,0.0,48.95,49.76,0.852,0.776,0.91,44208.29735,29666.0,6.456,1.995,5830,53.4,124.0
3003922192,SAN JUAN 30-5 UNIT #14A,11,2021-01-14 07:48:34,43.06,1416.19,307.0,1.0,215.36,60.4,104.46,,0.06,2.07,2408.0,2099.0,309.0,43.4,42.93,42.5,2.8,2.2,2.2,2.2,120.07,120.31,118.38,1.2,247.0,7.4,,21.8,180.4,0,4.1,10.0,2.2,7.55,6.3,1.22,29.3,72.35,1,1.0,0,0,29.3,618.0,0.0,1.0,1.0,53.8,0.4,23.3,28.7,0.15,-0.12,7.3,58.2,1.08,0.17,78.0,0.13,0,,90.5,,8.7,0.0,50.97,51.67,0.854,1.002,1.17,44208.32539,29666.0,6.456,1.995,5830,57.0,143.0
3003922192,SAN JUAN 30-5 UNIT #14A,12,2021-01-14 08:28:42,48.67,1210.38,230.6,1.0,215.0,60.6,104.32,,0.08,1.94,2450.0,2100.0,350.0,43.0,42.55,41.7,4.4,2.0,1.85,1.7,119.97,120.27,118.22,1.38,289.0,10.2,,13.4,229.6,0,4.8,20.0,1.85,8.7,6.1,1.21,30.3,68.16,1,1.0,0,0,30.3,629.0,0.0,1.0,1.0,48.5,0.6,23.3,28.9,0.1,-0.08,7.5,58.75,1.41,0.17,122.0,0.19,0,,97.5,,9.4,0.0,48.8,49.56,0.841,1.196,1.42,44208.35326,29666.0,6.456,1.995,5830,52.9,107.0
3003922192,SAN JUAN 30-5 UNIT #14A,13,2021-01-14 09:09:32,43.11,1433.61,308.4,1.0,215.0,60.2,104.34,,0.05,2.0,2405.0,2099.0,306.0,44.0,43.6,43.4,2.2,2.4,2.4,2.4,120.01,120.26,118.25,1.2,244.0,6.0,,24.7,170.3,0,4.1,10.0,2.4,9.52,6.2,1.21,29.7,71.73,1,1.0,0,0,29.7,629.0,0.0,0.0,1.0,52.2,0.5,23.3,28.8,0.15,-0.27,6.9,57.8,0.72,0.17,61.0,0.1,0,,96.6,,7.7,0.0,49.45,49.93,0.857,0.998,1.16,44208.38162,29666.0,6.456,1.995,5830,54.4,143.0
3003922192,SAN JUAN 30-5 UNIT #14A,14,2021-01-14 09:49:37,44.06,1388.1,316.8,1.0,217.87,61.8,104.58,,0.07,2.01,2412.0,2100.0,312.0,43.6,42.83,41.8,3.4,2.7,2.7,2.7,120.07,120.3,118.52,1.23,252.0,8.3,,26.4,186.2,0,4.2,9.0,2.7,10.62,6.0,1.21,29.5,75.58,1,1.0,0,0,29.5,665.0,0.0,1.0,1.0,51.2,0.7,23.3,29.0,0.15,-0.19,7.3,59.1,1.07,0.17,94.0,0.14,0,,100.2,,8.6,0.0,48.97,49.49,0.848,1.021,1.2,44208.40946,29666.0,6.456,1.995,5830,54.6,145.0
3003922192,SAN JUAN 30-5 UNIT #14A,15,2021-01-14 10:29:49,32.12,1340.23,261.8,1.0,217.87,61.8,104.53,,0.07,2.01,2421.0,2100.0,321.0,42.6,41.58,41.1,3.8,2.6,2.4,2.2,120.0,120.26,118.47,0.9,261.0,8.3,,13.6,59.3,0,4.4,10.0,2.4,10.82,6.0,1.21,30.8,26.82,1,1.0,0,0,30.8,635.0,0.0,0.0,1.0,51.1,0.7,23.3,29.0,0.05,-0.14,7.1,59.4,1.07,0.17,105.0,0.17,0,,97.4,,15.9,0.0,49.38,50.37,0.847,0.695,0.82,44208.43737,29666.0,6.456,1.995,5830,54.9,120.0
3003922192,SAN JUAN 30-5 UNIT #14A,16,2021-01-14 11:10:10,41.96,0.0,88.5,0.0,212.28,60.25,102.94,,0.06,1.95,2821.0,2100.0,721.0,43.4,42.39,40.9,2.8,2.1,1.49,1.2,119.48,120.44,116.66,1.37,721.0,7.4,,3.0,81.4,0,12.0,19.0,1.49,8.17,6.1,1.21,28.5,3.8,1,1.0,1,1,28.5,374.0,0.0,0.0,1.0,50.3,0.6,23.3,28.9,0.15,-0.17,7.1,58.76,0.92,0.17,78.0,0.21,0,,97.5,,6.0,,47.5,48.67,0.854,,,44208.46539,29666.0,6.456,1.995,5830,53.3,42.0
3003922192,SAN JUAN 30-5 UNIT #14A,17,2021-01-14 11:57:11,39.4,0.0,83.2,2.9,213.92,59.35,103.61,,0.1,1.89,2982.0,2261.0,721.0,44.2,43.46,42.9,5.2,2.2,1.53,1.2,119.64,120.36,117.42,1.36,548.0,12.2,,2.1,53.0,0,9.1,10.0,1.53,9.87,8.4,1.29,31.4,2.84,1,1.0,1,2,31.4,715.0,0.0,0.0,0.0,46.5,1.0,23.3,29.3,0.05,-0.09,6.9,57.83,1.45,0.24,144.0,0.2,0,,98.4,,18.6,,48.28,49.64,0.833,,,44208.49804,29666.0,6.456,1.995,5830,52.9,39.0
3003922192,SAN JUAN 30-5 UNIT #14A,18,2021-01-14 12:46:53,29.91,1128.39,198.6,1.0,212.65,60.6,104.2,,0.06,1.96,3091.0,2720.0,371.0,44.0,43.28,42.6,3.1,2.3,2.1,1.9,120.83,121.19,118.09,1.07,310.0,7.6,,11.0,87.1,0,5.2,10.0,2.1,12.22,16.2,1.56,32.0,35.84,1,1.0,0,0,32.0,396.0,0.0,0.0,1.0,50.5,0.8,23.3,29.1,0.13,-0.05,7.2,58.5,0.84,0.35,86.0,0.22,0,,99.6,,4.8,0.0,48.86,49.26,0.859,0.888,1.03,44208.53256,29666.0,6.456,1.995,5830,53.6,93.0
3003922192,SAN JUAN 30-5 UNIT #14A,19,2021-01-14 13:38:24,23.74,1568.61,406.0,1.0,224.53,,105.15,,,1.92,3749.0,3466.0,283.0,42.1,41.3,40.5,-0.3,,,,122.05,122.24,119.17,1.03,223.0,0.0,,39.2,102.4,0,3.7,19.0,,18.17,29.0,2.01,28.7,69.83,1,1.0,0,0,28.7,660.0,0.0,0.0,2.0,53.5,0.5,23.3,28.8,0.0,,8.8,,0.0,0.5,3.0,0.0,0,,101.6,,5.5,0.0,49.65,50.06,,0.738,,44208.56833,29666.0,6.456,1.995,5830,53.2,181.0
3003922192,SAN JUAN 30-5 UNIT #14A,20,2021-01-14 14:40:53,38.71,1527.51,349.8,1.0,224.87,65.8,105.34,,,1.9,3393.0,3104.0,289.0,39.4,38.9,38.6,-0.9,2.8,2.8,2.8,122.15,122.42,119.38,1.52,229.0,0.0,,26.7,212.9,0,3.8,19.0,2.8,15.62,23.1,1.81,28.3,92.13,1,1.0,0,0,28.3,89.0,0.0,1.0,2.0,53.5,0.3,23.3,28.6,0.0,,8.2,63.0,0.0,0.44,6.0,0.07,0,,95.4,,9.2,0.0,49.94,50.72,,1.173,,44208.61172,29666.0,6.456,1.995,5830,53.0,156.0
3003922192,SAN JUAN 30-5 UNIT #14A,21,2021-01-14 15:37:26,42.68,1404.82,304.3,1.0,219.46,62.7,104.42,,,1.98,2409.0,2100.0,309.0,41.1,40.97,40.9,-0.4,2.4,2.4,2.4,120.91,121.27,118.34,1.19,249.0,0.0,,18.4,140.0,0,4.2,18.0,2.4,10.43,6.5,1.23,26.5,66.85,1,,0,0,26.5,352.0,0.0,0.0,2.0,54.5,0.2,23.3,28.5,0.07,1.0,6.8,60.3,0.0,0.2,0.0,,0,,93.0,,8.2,0.0,48.91,49.68,0.887,0.991,1.12,44208.651,29666.0,6.456,1.995,5830,54.3,139.0
3003922192,SAN JUAN 30-5 UNIT #14A,22,2021-01-14 16:17:35,45.53,1214.58,208.6,1.0,219.46,63.0,104.13,,0.05,1.95,2448.0,2100.0,348.0,40.3,40.18,40.0,2.4,2.5,2.25,2.0,120.35,120.75,118.01,1.29,288.0,6.0,,9.6,172.5,0,4.8,12.0,2.25,8.58,6.2,1.22,29.7,60.36,1,1.0,0,0,29.7,122.0,0.0,1.0,2.0,50.9,0.5,23.3,28.8,0.13,-0.14,7.2,60.75,0.71,0.17,67.0,0.55,0,,96.4,,7.9,0.0,48.44,49.35,0.862,1.151,1.34,44208.67888,29666.0,6.456,1.995,5830,54.2,95.0
3003922192,SAN JUAN 30-5 UNIT #14A,23,2021-01-14 16:58:23,34.24,1290.77,270.2,1.0,219.11,62.5,103.76,,0.07,1.89,2473.0,2141.0,332.0,42.1,41.37,40.5,3.2,2.2,2.2,2.2,120.37,120.76,117.59,0.98,271.0,8.3,,16.3,67.0,0,4.5,12.0,2.2,10.07,6.7,1.23,29.6,40.93,1,1.0,0,0,29.6,529.0,0.0,0.0,1.0,48.1,0.7,23.3,29.0,0.1,-0.2,7.1,60.3,1.05,0.2,89.0,0.17,0,,96.1,,4.8,0.0,48.04,48.68,0.852,0.789,0.93,44208.70721,29666.0,6.456,1.995,5830,51.3,123.0
3003922192,SAN JUAN 30-5 UNIT #14A,24,2021-01-14 17:39:36,46.56,1290.77,232.1,1.0,216.44,61.6,103.97,,0.06,2.05,2431.0,2100.0,331.0,42.6,41.85,41.3,3.6,2.4,2.1,1.8,120.06,120.44,117.82,1.31,271.0,7.8,,11.8,198.6,0,4.5,16.0,2.1,10.6,6.0,1.21,30.5,64.14,1,1.0,0,0,30.5,493.0,0.0,1.0,1.0,52.3,0.7,23.3,29.0,0.1,-0.14,7.3,59.5,1.07,0.17,100.0,0.2,0,,95.5,,8.3,0.0,49.51,50.33,0.85,1.166,1.37,44208.73583,29666.0,6.456,1.995,5830,55.9,107.0
3003922192,SAN JUAN 30-5 UNIT #14A,25,2021-01-14 18:20:07,34.45,1281.32,277.8,1.0,218.58,62.2,103.74,,0.09,1.88,2433.0,2100.0,333.0,42.3,41.53,41.0,4.2,1.9,1.9,1.9,120.09,120.45,117.57,0.97,273.0,10.6,,17.7,68.0,0,4.6,13.0,1.9,9.12,5.9,1.2,30.3,38.53,1,1.0,0,0,30.3,529.0,0.0,0.0,1.0,46.7,0.8,23.3,29.1,0.1,-0.19,6.9,60.3,1.42,0.17,116.0,0.22,0,,100.1,,4.0,0.0,47.81,48.39,0.839,0.763,0.91,44208.76397,29666.0,6.456,1.995,5830,50.9,127.0
3003922192,SAN JUAN 30-5 UNIT #14A,1,2021-01-15 00:01:56,41.65,0.0,104.8,1.0,207.86,59.2,103.31,,0.08,1.91,2821.0,2100.0,721.0,45.8,43.81,41.8,3.8,2.0,1.3,1.0,119.44,120.25,117.08,1.36,664.0,9.7,,4.1,54.8,0,11.1,20.0,1.3,7.93,6.1,1.21,30.6,4.72,1,1.0,1,1,30.6,152.0,0.0,0.0,0.0,48.0,0.6,23.3,28.9,0.25,-0.14,7.3,57.9,1.23,0.17,105.0,0.69,0,,98.0,,3.7,,48.0,48.77,0.845,,,44209.00134,29666.0,6.456,1.995,5830,51.8,50.0
3003922192,SAN JUAN 30-5 UNIT #14A,2,2021-01-15 00:48:57,34.92,0.0,75.5,1.0,211.55,58.13,103.66,,0.15,1.92,2821.0,2100.0,721.0,45.6,44.8,44.0,7.5,1.8,1.25,0.9,119.23,119.83,117.47,1.14,663.0,17.8,,1.9,46.7,0,11.1,11.0,1.25,7.95,5.7,1.19,34.3,3.06,1,1.0,1,2,34.3,269.0,0.0,0.0,0.0,44.5,1.1,23.2,29.3,0.2,-0.06,6.9,56.88,2.14,0.17,208.0,0.77,0,,101.1,,3.2,,49.23,50.12,0.81,,,44209.03399,29666.0,6.456,1.995,5830,52.1,36.0
3003922192,SAN JUAN 30-5 UNIT #14A,3,2021-01-15 01:35:58,43.63,0.0,81.5,0.8,207.49,57.73,103.83,,0.13,1.97,3347.0,2626.0,721.0,46.4,45.15,43.1,6.6,1.8,1.16,0.8,120.23,120.93,117.67,1.69,676.0,15.7,,2.0,227.9,0,11.3,12.0,1.16,12.73,14.6,1.5,32.2,3.86,1,1.0,1,3,32.2,258.0,0.0,1.0,1.0,47.2,1.0,23.2,29.2,0.07,-0.11,7.0,56.56,1.55,0.34,183.0,0.71,0,,100.0,,9.7,,49.03,49.82,0.824,,,44209.06664,29666.0,6.456,1.995,5830,53.8,39.0
3003922192,SAN JUAN 30-5 UNIT #14A,4,2021-01-15 02:31:45,20.42,1590.0,359.8,1.0,219.82,,105.85,,0.05,2.0,4274.0,3994.0,280.0,42.2,42.2,42.2,2.4,,,,122.32,122.46,119.96,1.01,220.0,6.0,,41.2,99.8,0,3.7,8.0,,22.32,37.5,2.29,30.2,64.3,1,1.0,0,0,30.2,546.0,0.0,0.0,1.0,53.0,0.8,23.3,29.1,0.0,-0.19,8.2,,0.4,0.57,67.0,0.12,0,,97.8,,5.9,0.0,51.52,51.85,0.874,0.713,0.82,44209.10538,29666.0,6.456,1.995,5830,55.4,164.0
3003922192,SAN JUAN 30-5 UNIT #14A,5,2021-01-15 03:42:59,43.13,1568.61,299.3,1.0,215.72,60.6,104.38,,0.01,2.02,2524.0,2240.0,284.0,44.0,43.5,43.2,0.4,2.0,2.0,2.0,121.06,121.42,118.29,1.26,223.0,1.4,,21.9,111.4,0,3.7,20.0,2.0,10.32,8.8,1.31,26.5,58.4,1,1.0,0,0,26.5,546.0,0.0,0.0,2.0,54.9,0.2,23.3,28.5,0.1,-0.61,7.0,58.6,0.34,0.24,11.0,0.02,0,,95.5,,6.5,0.0,50.02,50.58,0.883,0.935,1.06,44209.15485,29666.0,6.456,1.995,5830,55.3,139.0
3003922192,SAN JUAN 30-5 UNIT #14A,6,2021-01-15 04:25:03,27.49,1575.68,392.4,1.0,219.82,,104.7,,0.04,1.99,2986.0,2704.0,282.0,43.3,42.85,42.4,1.8,,,,121.44,121.69,118.66,0.95,222.0,4.6,,35.0,81.9,0,3.7,9.0,,12.12,16.3,1.56,28.8,59.5,1,1.0,0,0,28.8,660.0,0.0,0.0,2.0,53.0,0.5,23.3,28.8,0.1,-0.09,8.2,,0.58,0.36,50.0,0.08,0,,98.7,,5.1,0.0,50.76,51.23,0.874,0.688,0.79,44209.18406,29666.0,6.456,1.995,5830,54.8,179.0
3003922192,SAN JUAN 30-5 UNIT #14A,7,2021-01-15 05:14:49,46.71,1527.51,329.6,1.0,216.44,61.0,104.8,,0.04,1.97,2497.0,2208.0,289.0,44.6,43.8,42.8,2.0,2.4,2.4,2.4,120.75,121.01,118.77,1.35,229.0,5.1,,25.9,190.7,0,3.8,10.0,2.4,10.62,8.1,1.28,28.5,81.05,1,1.0,0,0,28.5,105.0,0.0,1.0,2.0,51.9,0.4,23.3,28.7,0.07,-0.27,7.4,58.6,0.69,0.22,55.0,0.52,0,,96.7,,8.1,0.0,49.95,50.51,0.865,1.088,1.26,44209.21862,29666.0,6.456,1.995,5830,53.9,152.0
3003922192,SAN JUAN 30-5 UNIT #14A,8,2021-01-15 05:56:26,40.19,1416.19,305.9,1.0,216.8,61.2,104.34,,0.07,1.98,2408.0,2100.0,308.0,43.4,42.9,42.2,3.5,2.3,2.3,2.3,120.4,120.71,118.25,1.12,247.0,8.3,,21.4,117.5,0,4.1,10.0,2.3,9.43,6.2,1.22,29.5,55.65,1,1.0,0,0,29.5,637.0,0.0,0.0,1.0,52.8,0.5,23.3,28.8,0.1,-0.13,7.6,58.9,1.08,0.17,97.0,0.15,0,,97.1,,8.5,0.0,50.73,51.51,0.85,0.909,1.07,44209.24752,29666.0,6.456,1.995,5830,56.8,141.0
3003922192,SAN JUAN 30-5 UNIT #14A,9,2021-01-15 06:36:34,32.49,1416.19,282.1,1.0,216.44,61.0,103.92,,0.09,1.95,2500.0,2192.0,308.0,42.7,42.57,42.4,4.6,1.9,1.9,1.9,120.3,120.64,117.77,0.94,247.0,10.6,,17.0,66.5,0,4.1,19.0,1.9,10.1,7.5,1.26,30.5,38.18,1,1.0,0,0,30.5,504.0,0.0,0.0,1.0,48.5,0.7,23.3,29.0,0.1,-0.09,7.5,59.1,1.38,0.22,127.0,0.25,0,,99.0,,4.4,0.0,48.95,49.49,0.841,0.763,0.91,44209.27539,29666.0,6.456,1.995,5830,53.1,130.0
3003922192,SAN JUAN 30-5 UNIT #14A,10,2021-01-15 07:18:14,35.55,1421.95,286.4,1.0,215.36,60.4,103.98,,0.07,2.02,2406.0,2100.0,306.0,43.6,43.07,42.6,4.0,2.1,2.1,2.1,120.17,120.5,117.84,0.99,246.0,9.2,,18.7,88.0,0,4.1,10.0,2.1,8.23,6.1,1.21,29.0,43.95,1,1.0,0,0,29.0,604.0,0.0,0.0,1.0,51.2,0.6,23.3,28.9,0.1,0.0,7.5,58.3,1.44,0.17,111.0,0.18,0,,95.4,,5.4,0.0,50.32,50.95,0.846,0.804,0.95,44209.30433,29666.0,6.456,1.995,5830,55.2,133.0
3003922192,SAN JUAN 30-5 UNIT #14A,11,2021-01-15 07:58:20,40.65,1388.1,271.2,1.0,217.51,61.6,104.54,,0.09,1.91,2423.0,2111.0,312.0,42.4,42.0,41.5,4.8,1.9,1.9,1.9,120.23,120.48,118.48,1.14,252.0,10.6,,24.5,128.9,0,4.2,19.0,1.9,8.52,6.2,1.21,29.9,55.33,1,1.0,0,0,29.9,488.0,0.0,0.0,1.0,47.3,0.7,23.3,29.0,0.1,-0.08,7.5,59.7,1.43,0.17,133.0,0.27,0,,97.6,,6.1,0.0,49.57,50.32,0.839,0.9,1.07,44209.33218,29666.0,6.456,1.995,5830,52.3,125.0
3003922192,SAN JUAN 30-5 UNIT #14A,12,2021-01-15 08:38:43,48.18,1439.51,311.6,1.0,218.22,62.0,104.78,,0.04,1.92,2403.0,2100.0,303.0,42.5,42.27,42.1,2.2,2.3,2.3,2.3,120.1,120.29,118.75,1.34,243.0,5.1,,27.0,243.2,0,4.1,20.0,2.3,8.72,6.3,1.22,29.9,90.35,1,1.0,0,0,29.9,100.0,0.0,1.0,1.0,49.8,0.4,23.3,28.7,0.1,0.0,7.1,59.7,0.72,0.17,61.0,0.61,0,,95.1,,9.7,0.0,49.27,50.01,0.861,1.124,1.31,44209.36022,29666.0,6.456,1.995,5830,52.0,143.0
3003922192,SAN JUAN 30-5 UNIT #14A,13,2021-01-15 09:18:46,37.69,1295.56,251.4,1.0,219.82,63.2,104.33,,0.04,2.03,2430.0,2099.0,331.0,40.5,40.38,40.0,2.4,2.3,2.05,1.8,119.96,120.26,118.24,1.06,270.0,5.1,,12.2,54.9,0,4.5,9.0,2.05,10.75,6.2,1.21,29.3,32.72,1,1.0,0,0,29.3,477.0,0.0,0.0,0.0,52.9,0.5,23.3,28.8,0.05,-0.14,7.5,61.15,0.71,0.17,67.0,0.14,0,,95.8,,13.5,0.0,49.23,50.34,0.859,0.913,1.06,44209.38803,29666.0,6.456,1.995,5830,55.3,114.0
3003922192,SAN JUAN 30-5 UNIT #14A,14,2021-01-15 09:59:16,45.6,1240.43,228.1,1.0,216.44,61.6,104.37,,0.06,1.83,2463.0,2121.0,342.0,42.7,42.28,41.9,2.4,2.3,2.15,2.0,120.14,120.46,118.28,1.3,282.0,6.9,,13.3,167.1,0,4.7,10.0,2.15,9.62,6.5,1.22,28.7,56.42,1,1.0,0,0,28.7,130.0,0.0,0.0,1.0,47.2,0.6,23.3,28.9,0.15,-0.25,7.1,59.45,1.05,0.17,67.0,0.52,0,,96.1,,6.2,0.0,47.82,48.45,0.855,1.119,1.31,44209.41616,29666.0,6.456,1.995,5830,51.2,105.0
3003922192,SAN JUAN 30-5 UNIT #14A,15,2021-01-15 10:40:19,43.18,0.0,82.4,0.3,214.28,61.65,103.18,,0.05,1.89,2821.0,2100.0,721.0,42.9,41.15,37.8,2.8,1.9,1.41,1.1,119.58,120.49,116.93,1.41,701.0,5.6,,2.6,86.4,0,11.7,13.0,1.41,10.32,6.1,1.21,29.7,3.64,1,1.0,1,1,29.7,499.0,0.0,0.0,1.0,49.3,0.6,23.3,28.9,0.05,-0.17,7.1,60.24,0.61,0.17,78.0,0.16,0,,98.7,,7.9,,47.5,49.23,0.857,,,44209.44466,29666.0,6.456,1.995,5830,51.7,38.0
3003922192,SAN JUAN 30-5 UNIT #14A,16,2021-01-15 11:27:20,29.68,1128.39,190.3,1.0,216.8,61.95,104.05,,0.06,1.91,2998.0,2627.0,371.0,42.9,41.93,41.1,2.9,1.9,1.9,1.9,120.64,121.01,117.92,1.03,310.0,7.2,,10.5,69.2,0,5.2,10.0,1.9,12.12,14.6,1.5,29.7,31.66,1,1.0,0,0,29.7,493.0,0.0,0.0,1.0,49.1,0.9,23.3,29.2,0.07,-0.3,7.2,60.05,0.86,0.34,80.0,0.16,0,,99.5,,4.7,0.0,47.79,48.3,0.857,0.86,1.0,44209.47731,29666.0,6.456,1.995,5830,52.0,88.0
3003922192,SAN JUAN 30-5 UNIT #14A,17,2021-01-15 12:17:18,46.55,0.0,105.1,0.0,210.82,61.23,102.78,,0.04,1.93,2821.0,2100.0,721.0,44.2,41.59,39.7,1.5,2.2,1.64,1.3,119.5,120.53,116.48,1.52,721.0,4.4,,4.3,103.9,0,12.0,19.0,1.64,9.3,6.3,1.22,28.3,4.74,1,1.0,1,1,28.3,618.0,0.0,0.0,1.0,50.9,0.4,23.3,28.7,0.15,-0.42,6.9,59.59,0.61,0.17,42.0,0.07,0,,97.0,,5.6,,48.37,50.06,0.865,,,44209.51201,29666.0,6.456,1.995,5830,52.4,50.0
3003922192,SAN JUAN 30-5 UNIT #14A,18,2021-01-15 13:04:19,20.95,1451.45,275.2,1.0,221.57,63.9,104.46,,0.02,1.92,4124.0,3822.0,302.0,41.1,40.43,39.7,1.2,2.3,2.3,2.3,121.69,121.95,118.38,1.0,241.0,2.8,,16.4,79.2,0,4.0,17.0,2.3,20.02,34.1,2.15,34.5,46.03,1,1.0,0,0,34.5,352.0,0.0,0.0,1.0,51.9,1.4,23.2,29.6,0.05,-0.15,9.2,61.6,0.21,0.53,33.0,0.09,0,,101.2,,5.1,0.0,50.21,50.76,0.885,0.823,0.93,44209.54466,29666.0,6.456,1.995,5830,53.4,124.0
3003922192,SAN JUAN 30-5 UNIT #14A,19,2021-01-15 14:13:03,51.17,1320.0,232.2,1.0,218.22,62.85,104.6,,0.03,1.93,2465.0,2140.0,325.0,41.7,41.18,40.3,1.4,2.7,2.35,2.0,120.91,121.32,118.54,1.46,265.0,3.2,,12.2,264.6,0,4.4,18.0,2.35,9.72,6.9,1.24,27.5,82.5,1,1.0,0,0,27.5,116.0,0.0,1.0,2.0,51.3,0.5,23.3,28.8,0.07,-0.36,6.6,60.5,0.35,0.2,39.0,0.34,0,,96.7,,10.6,0.0,48.3,49.17,0.872,1.311,1.5,44209.5924,29666.0,6.456,1.995,5830,52.7,106.0
3003922192,SAN JUAN 30-5 UNIT #14A,20,2021-01-15 14:54:08,46.9,0.0,93.4,0.0,216.44,61.99,103.05,,0.05,1.91,2837.0,2116.0,721.0,41.1,40.5,39.5,2.9,2.7,1.76,1.5,119.87,120.93,116.78,1.54,721.0,6.5,,2.8,113.4,0,12.0,9.0,1.76,10.4,6.4,1.22,28.8,3.56,1,1.0,1,1,28.8,152.0,0.0,0.0,1.0,49.2,0.6,23.3,28.9,0.15,-0.2,6.8,60.23,0.91,0.17,80.0,0.53,0,,100.2,,6.4,,46.41,47.75,0.859,,,44209.62093,29666.0,6.456,1.995,5830,52.2,43.0
3003922192,SAN JUAN 30-5 UNIT #14A,21,2021-01-15 15:41:25,31.68,1366.41,306.9,1.0,218.58,62.2,104.5,,0.1,1.96,2891.0,2574.0,317.0,42.5,42.07,41.4,4.9,2.5,2.5,2.5,120.76,121.03,118.43,1.06,256.0,12.2,,21.3,98.5,0,4.3,18.0,2.5,11.32,13.5,1.46,33.0,49.13,1,1.0,0,0,33.0,524.0,0.0,0.0,1.0,48.8,1.2,23.2,29.4,0.07,-0.14,7.4,59.7,1.49,0.33,136.0,0.26,0,,98.4,,5.9,0.0,47.97,48.31,0.839,0.844,1.01,44209.65376,29666.0,6.456,1.995,5830,53.7,140.0
3003922192,SAN JUAN 30-5 UNIT #14A,22,2021-01-15 16:29:36,27.65,1547.79,325.8,1.0,221.57,63.9,105.02,,,1.92,3812.0,3526.0,286.0,42.5,41.27,40.3,-0.5,2.5,2.5,2.5,122.07,122.33,119.02,1.22,226.0,0.0,,24.2,127.0,0,3.8,19.0,2.5,16.37,29.9,2.03,29.9,67.35,1,1.0,0,0,29.9,482.0,0.0,0.0,2.0,53.6,0.6,23.3,28.9,0.0,,9.0,61.4,0.0,0.51,3.0,0.01,0,,101.1,,6.9,0.0,48.77,49.22,,1.019,,44209.68722,29666.0,6.456,1.995,5830,53.1,147.0
3003922192,SAN JUAN 30-5 UNIT #14A,1,2021-01-16 00:14:33,43.29,1371.76,316.9,1.0,217.15,61.4,104.42,,0.07,2.0,2415.0,2100.0,315.0,42.5,42.33,42.0,3.4,2.2,2.2,2.2,120.36,120.65,118.34,1.21,255.0,8.3,,21.1,167.4,0,4.3,19.0,2.2,9.55,6.1,1.21,29.0,69.98,1,1.0,0,0,29.0,646.0,0.0,0.0,1.0,51.1,0.6,23.3,28.9,0.15,-0.15,6.9,59.2,1.07,0.17,94.0,0.15,0,,94.7,,8.0,0.0,48.41,48.9,0.85,1.004,1.18,44210.0101,29666.0,6.456,1.995,5830,54.7,146.0
3003922192,SAN JUAN 30-5 UNIT #14A,2,2021-01-16 00:54:48,35.15,1320.0,311.4,1.0,222.27,64.3,104.5,,0.08,1.86,2704.0,2378.0,326.0,41.1,40.2,39.5,3.9,2.2,2.2,2.2,120.51,120.77,118.43,1.1,265.0,9.5,,20.9,107.3,0,4.4,16.0,2.2,8.43,10.6,1.37,31.0,51.63,1,1.0,0,0,31.0,499.0,0.0,0.0,1.0,46.5,0.7,23.3,29.0,0.13,-0.03,8.0,62.1,1.28,0.28,108.0,0.22,0,,99.3,,5.6,0.0,47.98,48.65,0.85,0.902,1.06,44210.03806,29666.0,6.456,1.995,5830,50.4,140.0
3003922192,SAN JUAN 30-5 UNIT #14A,3,2021-01-16 01:39:52,37.81,1335.11,256.5,1.0,217.15,61.95,104.48,,0.08,1.96,2422.0,2100.0,322.0,42.3,41.85,41.5,4.2,2.4,2.1,1.8,120.13,120.42,118.41,1.06,262.0,9.7,,7.6,56.1,0,4.4,10.0,2.1,9.87,6.1,1.21,30.1,30.0,1,1.0,0,0,30.1,610.0,0.0,0.0,0.0,49.3,0.6,23.3,28.9,0.1,-0.17,7.3,59.85,1.43,0.17,116.0,0.19,0,,95.9,,19.5,0.0,47.69,48.58,0.843,0.846,1.0,44210.06935,29666.0,6.456,1.995,5830,53.6,118.0
3003922192,SAN JUAN 30-5 UNIT #14A,4,2021-01-16 02:20:14,42.42,1350.58,275.0,1.0,221.22,63.7,104.94,,0.11,1.86,2505.0,2186.0,319.0,40.5,39.7,39.2,5.5,2.1,2.1,2.1,120.31,120.51,118.93,1.23,259.0,13.2,,27.9,167.9,0,4.3,19.0,2.1,10.67,7.4,1.26,28.7,65.7,1,1.0,0,0,28.7,635.0,0.0,0.0,1.0,44.8,0.7,23.3,29.0,0.1,-0.07,7.3,61.6,1.72,0.19,152.0,0.24,0,,98.2,,7.2,0.0,48.09,48.87,0.831,0.975,1.17,44210.09738,29666.0,6.456,1.995,5830,50.8,124.0
3003922192,SAN JUAN 30-5 UNIT #14A,5,2021-01-16 03:01:59,37.52,1355.81,267.6,1.0,219.82,63.4,104.55,,0.04,1.91,2418.0,2100.0,318.0,41.7,40.75,40.1,1.9,2.3,2.15,2.0,120.04,120.3,118.49,1.05,258.0,4.8,,15.3,61.9,0,4.3,10.0,2.15,7.98,6.5,1.23,28.9,29.6,1,1.0,0,0,28.9,590.0,0.0,0.0,0.0,50.1,0.2,23.3,28.5,0.15,0.0,7.5,61.25,0.71,0.2,53.0,0.09,0,,95.0,,5.2,0.0,47.28,47.75,0.864,0.763,0.88,44210.12638,29666.0,6.456,1.995,5830,52.2,122.0
3003922192,SAN JUAN 30-5 UNIT #14A,6,2021-01-16 03:42:17,35.82,1388.1,266.1,1.0,217.87,61.8,104.1,,0.08,1.91,2412.0,2100.0,312.0,41.6,41.2,40.5,4.0,1.9,1.9,1.9,120.02,120.31,117.98,1.0,252.0,10.2,,23.2,82.6,0,4.2,9.0,1.9,8.28,6.2,1.22,28.7,41.83,1,1.0,0,0,28.7,640.0,0.0,0.0,1.0,48.2,0.5,23.3,28.8,0.2,-0.04,7.3,59.9,1.43,0.17,111.0,0.17,0,,96.0,,6.1,0.0,48.43,49.1,0.843,0.795,0.94,44210.15436,29666.0,6.456,1.995,5830,52.6,122.0
3003922192,SAN JUAN 30-5 UNIT #14A,7,2021-01-16 04:22:29,35.29,1416.19,329.6,1.0,221.22,63.7,104.96,,0.04,1.86,2546.0,2239.0,307.0,40.9,40.73,40.5,1.5,2.2,2.2,2.2,120.26,120.43,118.95,1.04,247.0,4.8,,26.0,52.8,0,4.1,9.0,2.2,9.8,8.7,1.3,28.3,39.08,1,1.0,0,0,28.3,635.0,0.0,0.0,0.0,48.9,0.3,23.3,28.6,0.15,-0.31,7.3,61.5,0.68,0.21,42.0,0.07,0,,97.8,,13.0,0.0,47.33,48.05,0.864,0.802,0.93,44210.18228,29666.0,6.456,1.995,5830,50.9,149.0
3003922192,SAN JUAN 30-5 UNIT #14A,8,2021-01-16 05:04:55,40.6,1433.61,296.1,1.0,220.52,62.45,104.37,,0.08,1.84,2405.0,2100.0,305.0,42.6,41.73,40.9,3.4,2.2,1.9,1.6,119.99,120.29,118.28,1.13,244.0,9.2,,16.3,52.6,0,4.1,9.0,1.9,8.92,6.2,1.22,29.9,29.78,1,1.0,0,0,29.9,635.0,0.0,0.0,0.0,46.3,0.5,23.3,28.8,0.15,-0.1,7.3,60.55,1.44,0.17,94.0,0.15,0,,97.3,,3.2,0.0,47.36,47.81,0.846,0.693,0.82,44210.21175,29666.0,6.456,1.995,5830,50.5,134.0
3003922192,SAN JUAN 30-5 UNIT #14A,1,2021-01-18 00:09:30,22.98,1534.21,391.5,1.0,225.22,66.0,105.8,,0.01,1.87,3496.0,3208.0,288.0,39.6,39.3,39.0,0.3,2.8,2.8,2.8,121.88,122.07,119.91,0.93,228.0,1.2,,30.9,81.5,0,3.8,18.0,2.8,14.97,35.5,1.86,27.9,42.8,1,1.0,0,0,27.9,518.0,0.0,0.0,1.0,51.2,0.5,23.3,28.8,0.1,-0.43,8.6,63.2,0.0,0.65,8.0,0.02,0,,100.3,,4.4,0.0,48.89,49.35,0.893,0.692,0.77,44212.0066,29666.0,6.456,1.995,5830,51.8,174.0
3003922192,SAN JUAN 30-5 UNIT #14A,2,2021-01-18 01:07:46,35.58,1433.61,345.4,1.0,221.22,63.7,104.88,,0.0,1.87,2404.0,2100.0,304.0,41.7,40.9,40.1,0.2,2.2,2.2,2.2,120.8,121.08,118.86,0.99,244.0,0.5,,10.5,77.1,0,4.1,19.0,2.2,10.77,16.0,1.23,27.1,39.98,1,1.0,0,0,27.1,36.0,0.0,0.0,1.0,50.8,0.1,23.3,28.4,0.13,-0.65,7.0,61.5,0.0,0.46,6.0,0.17,0,,94.2,,12.1,0.0,47.78,48.58,0.883,0.759,0.86,44212.04706,29666.0,6.456,1.995,5830,51.0,156.0
3003922192,SAN JUAN 30-5 UNIT #14A,3,2021-01-18 01:47:50,37.16,1355.81,252.3,1.0,218.58,62.75,104.4,,0.05,1.93,2418.0,2100.0,318.0,41.7,41.15,40.7,2.7,2.4,2.15,1.9,120.2,120.53,118.32,1.04,258.0,6.0,,9.4,62.1,0,4.3,12.0,2.15,10.83,6.2,1.22,29.9,31.02,1,1.0,0,0,29.9,136.0,0.0,0.0,1.0,50.1,0.5,23.3,28.8,0.1,-0.2,7.8,60.6,0.71,0.17,75.0,0.55,0,,96.2,,16.4,0.0,48.15,49.17,0.857,0.864,1.01,44212.07488,29666.0,6.456,1.995,5830,52.8,115.0
3003922192,SAN JUAN 30-5 UNIT #14A,4,2021-01-18 02:28:08,41.73,1305.22,252.8,1.0,219.82,63.7,104.43,,0.05,1.84,2588.0,2259.0,329.0,40.9,40.18,39.7,2.3,2.4,2.05,1.7,120.4,120.73,118.35,1.25,268.0,6.0,,12.5,87.7,0,4.5,18.0,2.05,9.78,19.7,1.3,28.3,45.18,1,1.0,0,0,28.3,502.0,0.0,0.0,1.0,47.7,0.6,23.3,28.9,0.05,-0.18,7.1,61.65,0.67,0.53,64.0,0.13,0,,98.8,,10.8,0.0,47.26,48.14,0.861,1.088,1.26,44212.10287,29666.0,6.456,1.995,5830,50.9,115.0
3003922192,SAN JUAN 30-5 UNIT #14A,5,2021-01-18 03:11:16,46.38,0.0,92.2,0.0,216.44,62.44,103.0,,0.05,1.86,3074.0,2353.0,721.0,41.9,40.16,38.9,2.4,2.2,1.36,1.1,119.95,120.94,116.73,1.65,721.0,5.3,,3.2,128.2,0,12.0,8.0,1.36,11.48,10.4,1.36,28.1,4.08,1,1.0,1,1,28.1,493.0,0.0,0.0,1.0,48.6,0.5,23.3,28.8,0.1,-0.16,7.4,61.08,0.56,0.25,67.0,0.14,0,,95.4,,6.4,,47.44,49.21,0.863,,,44212.13282,29666.0,6.456,1.995,5830,52.8,43.0
3003922192,SAN JUAN 30-5 UNIT #14A,6,2021-01-18 04:02:30,30.41,1421.95,293.0,1.0,215.72,60.7,104.65,,0.13,1.91,2614.0,2308.0,306.0,43.8,43.08,42.6,6.3,2.1,2.05,2.0,120.17,120.42,118.6,0.92,246.0,15.0,,18.6,56.2,0,4.1,10.0,2.05,10.97,9.2,1.31,32.4,28.26,1,1.0,0,0,32.4,568.0,0.0,0.0,0.0,45.6,1.1,23.2,29.3,0.15,-0.11,6.9,58.65,1.98,0.23,175.0,0.31,0,,97.8,,3.1,0.0,47.96,48.19,0.824,0.73,0.89,44212.1684,29666.0,6.456,1.995,5830,51.9,136.0
3003922192,SAN JUAN 30-5 UNIT #14A,7,2021-01-18 04:46:04,31.08,1388.1,278.2,1.0,219.82,63.1,104.7,,0.06,1.88,2585.0,2273.0,312.0,41.5,40.85,40.5,2.8,2.2,2.05,1.9,120.24,120.5,118.66,0.93,252.0,6.5,,16.4,55.4,0,4.2,20.0,2.05,10.95,17.9,1.32,27.5,27.7,1,1.0,0,0,27.5,635.0,0.0,0.0,0.0,48.4,0.4,23.3,28.7,0.15,-0.12,7.5,61.05,1.0,0.48,78.0,0.12,0,,100.9,,4.2,0.0,47.86,48.42,0.857,0.739,0.86,44212.19866,29666.0,6.456,1.995,5830,51.2,127.0
3003922192,SAN JUAN 30-5 UNIT #14A,8,2021-01-18 05:29:09,37.18,1276.64,267.4,1.0,220.17,63.1,104.5,,0.06,1.87,2510.0,2176.0,334.0,40.7,40.1,39.4,2.4,1.7,1.7,1.7,120.26,120.51,118.43,1.08,274.0,6.5,,18.1,102.8,0,4.6,20.0,1.7,9.42,16.3,1.27,27.0,46.7,1,1.0,0,0,27.0,596.0,0.0,0.0,1.0,48.2,0.3,23.3,28.6,0.1,-0.19,7.3,61.4,1.03,0.44,67.0,0.11,0,,97.1,,5.7,0.0,47.55,48.19,0.857,0.85,0.99,44212.22858,29666.0,6.456,1.995,5830,50.6,121.0
3003922192,SAN JUAN 30-5 UNIT #14A,9,2021-01-18 06:10:59,37.22,1382.61,267.2,1.0,217.15,62.15,104.48,,0.04,1.93,2414.0,2100.0,314.0,41.6,41.38,41.1,1.9,2.4,2.1,1.8,119.91,120.17,118.41,1.04,253.0,4.4,,14.1,63.4,0,4.2,9.0,2.1,9.98,6.4,1.22,29.3,30.46,1,1.0,0,0,29.3,635.0,0.0,0.0,1.0,50.6,0.3,23.3,28.6,0.1,-0.13,7.3,60.05,0.72,0.17,53.0,0.08,0,,94.5,,4.8,0.0,48.47,49.06,0.862,0.765,0.89,44212.25763,29666.0,6.456,1.995,5830,52.5,123.0
3003922192,SAN JUAN 30-5 UNIT #14A,10,2021-01-18 06:51:13,35.42,1267.39,267.2,1.0,220.87,63.5,104.18,,0.08,1.87,2439.0,2103.0,336.0,40.2,40.0,39.9,3.6,1.8,1.8,1.8,119.99,120.27,118.07,1.0,276.0,9.2,,17.1,76.7,0,4.6,16.0,1.8,8.27,19.1,1.22,28.1,38.03,1,1.0,0,0,28.1,496.0,0.0,0.0,1.0,46.9,0.5,23.3,28.8,0.2,-0.1,7.1,61.7,1.42,0.54,100.0,0.2,0,,98.1,,4.8,0.0,47.23,47.9,0.845,0.767,0.91,44212.28557,29666.0,6.456,1.995,5830,50.7,121.0
3003922192,SAN JUAN 30-5 UNIT #14A,11,2021-01-18 07:31:52,41.81,1350.58,263.8,1.0,218.93,62.95,104.4,,0.05,1.9,2418.0,2100.0,318.0,41.5,40.9,40.5,2.6,2.2,2.0,1.8,119.91,120.18,118.32,1.17,259.0,5.6,,14.9,52.9,0,4.3,20.0,2.0,9.87,15.0,1.22,29.5,32.96,1,1.0,0,0,29.5,660.0,0.0,0.0,0.0,49.1,0.4,23.3,28.7,0.1,-0.08,7.3,60.95,0.71,0.43,72.0,0.11,0,,94.3,,11.2,0.0,47.67,48.54,0.857,0.934,1.09,44212.3138,29666.0,6.456,1.995,5830,51.7,120.0
3003922192,SAN JUAN 30-5 UNIT #14A,12,2021-01-18 08:12:10,34.76,1399.2,266.7,1.0,217.15,61.4,103.92,,0.07,1.97,2411.0,2101.0,310.0,42.0,41.67,41.3,3.8,2.1,2.1,2.1,119.95,120.26,117.77,0.97,250.0,9.2,,19.2,79.5,0,4.2,12.0,2.1,8.18,6.1,1.21,27.9,40.0,1,1.0,0,0,27.9,496.0,0.0,0.0,1.0,49.9,0.6,23.3,28.9,0.2,-0.05,7.3,59.3,1.43,0.17,105.0,0.21,0,,97.5,,5.1,0.0,47.98,48.47,0.846,0.765,0.9,44212.34178,29666.0,6.456,1.995,5830,53.7,123.0
3003922192,SAN JUAN 30-5 UNIT #14A,13,2021-01-18 08:52:21,37.05,1320.0,280.6,1.0,221.22,63.7,104.14,,0.04,1.91,2425.0,2100.0,325.0,41.1,40.3,39.7,1.9,2.1,2.1,2.1,119.92,120.19,118.02,1.04,265.0,4.8,,17.3,99.1,0,4.4,20.0,2.1,7.35,15.0,1.22,28.3,46.48,1,1.0,0,0,28.3,535.0,0.0,0.0,1.0,50.0,0.3,23.3,28.6,0.25,-0.04,7.3,61.6,0.71,0.43,53.0,0.1,0,,99.1,,5.7,0.0,47.1,47.7,0.864,0.839,0.97,44212.36969,29666.0,6.456,1.995,5830,51.9,127.0
3003922192,SAN JUAN 30-5 UNIT #14A,14,2021-01-18 09:32:46,34.65,1355.81,260.7,1.0,218.58,62.85,104.33,,0.06,1.91,2419.0,2101.0,318.0,42.1,41.25,40.5,2.8,2.3,2.15,2.0,119.95,120.24,118.24,0.97,258.0,7.4,,9.3,48.9,0,4.3,8.0,2.15,7.78,6.1,1.21,29.3,27.72,1,1.0,0,0,29.3,704.0,0.0,0.0,0.0,49.0,0.6,23.3,28.9,0.15,-0.17,7.1,60.7,1.07,0.17,78.0,0.11,0,,95.8,,12.2,0.0,47.71,48.57,0.852,0.814,0.96,44212.39775,29666.0,6.456,1.995,5830,52.2,119.0
3003922192,SAN JUAN 30-5 UNIT #14A,15,2021-01-18 10:13:05,40.34,0.0,95.1,0.0,215.0,62.14,103.51,,0.06,1.86,2870.0,2149.0,721.0,42.7,40.99,39.1,2.4,2.2,1.65,1.3,119.63,120.43,117.3,1.34,721.0,6.9,,3.0,53.3,0,12.0,9.0,1.65,7.9,6.9,1.24,28.3,4.02,1,1.0,1,1,28.3,657.0,0.0,0.0,0.0,49.8,0.6,23.3,28.9,0.25,-0.25,7.3,60.49,0.9,0.2,67.0,0.1,0,,98.2,,5.8,,47.26,48.69,0.857,,,44212.42575,29666.0,6.456,1.995,5830,53.1,44.0
3003922192,SAN JUAN 30-5 UNIT #14A,16,2021-01-18 11:00:55,36.42,0.0,80.5,0.1,212.65,58.78,103.25,,0.11,1.92,3013.0,2292.0,721.0,44.4,43.85,42.6,5.4,2.1,1.59,1.3,119.65,120.47,117.01,1.27,713.0,12.7,,2.3,62.1,0,11.9,19.0,1.59,11.12,19.2,1.3,32.4,2.88,1,1.0,1,2,32.4,258.0,0.0,0.0,1.0,46.8,1.0,23.3,29.3,0.15,-0.09,6.9,57.19,1.43,0.5,150.0,0.58,0,,100.7,,4.6,,47.08,47.59,0.833,,,44212.45897,29666.0,6.456,1.995,5830,52.2,38.0
3003922192,SAN JUAN 30-5 UNIT #14A,17,2021-01-18 11:51:08,20.66,1611.98,380.2,1.0,223.66,65.1,106.2,,,1.93,4641.0,4363.0,278.0,41.8,40.97,40.2,-0.7,3.1,3.1,3.1,122.62,122.78,120.36,1.11,217.0,0.0,,22.8,79.7,0,3.6,17.0,3.1,20.85,55.7,2.5,28.9,49.05,1,1.0,0,0,28.9,158.0,0.0,0.0,1.0,54.4,0.8,23.3,29.1,0.1,,8.8,62.0,0.0,0.77,3.0,0.02,0,,100.8,,19.7,0.0,49.94,50.5,,0.853,,44212.49384,29666.0,6.456,1.995,5830,53.7,170.0
3003922192,SAN JUAN 30-5 UNIT #14A,18,2021-01-18 13:08:29,38.44,1439.51,289.3,1.0,220.87,63.5,104.54,,,1.93,2450.0,2147.0,303.0,42.3,41.17,40.1,-0.3,2.3,2.3,2.3,121.27,121.66,118.48,1.09,243.0,0.0,,20.4,106.2,0,4.1,19.0,2.3,11.27,16.8,1.26,26.5,55.48,1,,0,0,26.5,330.0,0.0,0.0,1.0,53.2,0.2,23.3,28.5,0.1,,7.0,61.2,0.0,0.48,0.0,,0,,95.7,,6.1,0.0,49.28,50.08,,0.903,,44212.54756,29666.0,6.456,1.995,5830,52.9,131.0
3003922192,SAN JUAN 30-5 UNIT #14A,19,2021-01-18 13:49:19,32.53,1310.11,258.9,1.0,224.35,66.35,104.97,,0.02,1.89,2762.0,2435.0,327.0,40.3,38.65,37.4,1.2,2.8,2.55,2.3,121.09,121.41,118.96,1.04,267.0,2.8,,9.2,62.1,0,4.5,19.0,2.55,10.9,21.6,1.41,28.4,31.62,1,1.0,0,0,28.4,443.0,0.0,0.0,0.0,50.7,0.5,23.3,28.8,0.05,-0.15,7.8,63.8,0.31,0.54,33.0,0.07,0,,98.0,,6.4,0.0,48.44,49.26,0.878,0.86,0.98,44212.57591,29666.0,6.456,1.995,5830,51.9,115.0
3003922192,SAN JUAN 30-5 UNIT #14A,20,2021-01-18 14:35:21,36.53,1325.0,301.2,1.0,223.66,65.1,104.82,,0.02,1.9,2791.0,2467.0,324.0,39.4,39.03,38.7,1.2,2.6,2.6,2.6,121.18,121.47,118.79,1.18,264.0,2.3,,18.5,132.2,0,4.4,14.0,2.6,12.47,12.3,1.43,27.7,63.15,1,1.0,0,0,27.7,413.0,0.0,0.0,2.0,50.8,0.5,23.3,28.8,0.13,-0.25,7.4,62.5,0.31,0.29,33.0,0.08,0,,93.7,,7.1,0.0,49.16,50.01,0.879,0.971,1.1,44212.60788,29666.0,6.456,1.995,5830,52.6,135.0
3003922192,SAN JUAN 30-5 UNIT #14A,21,2021-01-18 15:21:52,34.67,1507.76,301.3,1.0,219.82,62.9,104.16,,0.02,1.88,2891.0,2598.0,293.0,43.2,41.87,40.3,0.8,2.4,2.4,2.4,121.16,121.52,118.04,1.16,232.0,1.8,,21.2,89.7,0,3.9,19.0,2.4,11.17,24.3,1.5,28.7,53.25,1,1.0,0,0,28.7,369.0,0.0,0.0,2.0,50.8,0.5,23.3,28.8,0.1,-0.21,8.0,60.5,0.3,0.55,22.0,0.06,0,,94.3,,5.3,0.0,48.5,49.05,0.885,0.894,1.01,44212.64019,29666.0,6.456,1.995,5830,52.3,137.0
3003922192,SAN JUAN 30-5 UNIT #14A,22,2021-01-18 16:10:03,34.86,1305.22,263.0,1.0,219.46,62.7,103.76,,0.04,1.93,2429.0,2100.0,329.0,40.9,40.63,40.3,2.0,2.1,2.1,2.1,120.54,120.96,117.59,0.98,268.0,5.1,,14.5,78.3,0,4.5,18.0,2.1,8.05,17.0,1.22,27.5,43.3,1,1.0,0,0,27.5,488.0,0.0,0.0,1.0,50.9,0.5,23.3,28.8,0.07,-0.18,7.4,60.6,0.71,0.49,55.0,0.11,0,,99.1,,4.8,0.0,48.83,49.61,0.865,0.794,0.92,44212.67365,29666.0,6.456,1.995,5830,52.9,120.0
3003922192,SAN JUAN 30-5 UNIT #14A,23,2021-01-18 16:50:32,35.35,1253.76,285.1,1.0,221.92,64.1,104.26,,0.06,1.86,2542.0,2203.0,339.0,40.9,40.13,39.3,2.7,2.3,2.3,2.3,120.44,120.75,118.16,1.04,279.0,7.2,,17.0,84.0,0,4.7,16.0,2.3,9.25,20.7,1.27,29.5,46.03,1,1.0,0,0,29.5,671.0,0.0,0.0,1.0,47.8,0.6,23.3,28.9,0.07,-0.25,7.4,61.8,1.02,0.57,75.0,0.11,0,,97.2,,5.0,0.0,47.79,48.51,0.857,0.835,0.97,44212.70176,29666.0,6.456,1.995,5830,52.2,128.0
3003922192,SAN JUAN 30-5 UNIT #14A,24,2021-01-18 17:32:54,35.19,1290.77,263.0,1.0,218.58,62.95,104.55,,0.08,1.92,2431.0,2100.0,331.0,42.7,41.53,40.7,4.0,2.8,2.5,2.2,120.21,120.5,118.49,0.99,271.0,9.7,,0.3,55.6,0,4.5,16.0,2.5,8.9,19.0,1.21,30.5,29.08,1,1.0,0,0,30.5,493.0,0.0,0.0,0.0,49.7,0.7,23.3,29.0,0.15,-0.09,7.5,60.45,1.42,0.54,111.0,0.23,0,,94.8,,6.7,0.0,48.46,49.03,0.846,0.74,0.87,44212.73118,29666.0,6.456,1.995,5830,54.1,120.0
3003922192,SAN JUAN 30-5 UNIT #14A,25,2021-01-18 18:13:25,37.54,1310.11,308.9,1.0,220.52,63.3,104.5,,0.07,1.85,2670.0,2343.0,327.0,41.1,40.77,40.3,3.0,2.4,2.4,2.4,120.55,120.83,118.43,1.16,267.0,7.8,,22.0,118.8,0,4.5,16.0,2.4,11.47,23.1,1.35,30.1,56.15,1,1.0,0,0,30.1,651.0,0.0,0.0,1.0,47.3,0.7,23.3,29.0,0.1,-0.25,7.3,60.9,0.97,0.59,83.0,0.13,0,,100.4,,5.6,0.0,47.68,48.24,0.854,0.918,1.07,44212.75932,29666.0,6.456,1.995,5830,50.3,140.0
